2005-01-03 0:00,14170
2005-01-04 0:00,14170
2005-01-05 0:00,14560
2005-01-06 0:00,14560
2005-01-07 0:00,14820
2005-01-10 0:00,14820
2005-01-11 0:00,14820
2005-01-12 0:00,14820
2005-01-13 0:00,14820
2005-01-14 0:00,14820
2005-01-17 0:00,14820
2005-01-18 0:00,14820
2005-01-19 0:00,14820
2005-01-20 0:00,14820
2005-01-21 0:00,14820
2005-01-24 0:00,14820
2005-01-25 0:00,14820
2005-01-26 0:00,14820
2005-01-27 0:00,14820
2005-01-28 0:00,14820
2005-01-31 0:00,14950
2005-02-01 0:00,14950
2005-02-02 0:00,14950
2005-02-03 0:00,14950
2005-02-04 0:00,14950
2005-02-07 0:00,14950
2005-02-11 0:00,14950
2005-02-14 0:00,14950
2005-02-15 0:00,14950
2005-02-16 0:00,14950
2005-02-17 0:00,14950
2005-02-18 0:00,14950
2005-02-21 0:00,15210
2005-02-22 0:00,15210
2005-02-23 0:00,15210
2005-02-24 0:00,15210
2005-02-25 0:00,15210
2005-02-28 0:00,15860
2005-03-02 0:00,15990
2005-03-03 0:00,15990
2005-03-04 0:00,15990
2005-03-07 0:00,16770
2005-03-08 0:00,16770
2005-03-09 0:00,16900
2005-03-10 0:00,16900
2005-03-11 0:00,16900
2005-03-14 0:00,17160
2005-03-15 0:00,17160
2005-03-16 0:00,17420
2005-03-17 0:00,17940
2005-03-18 0:00,17940
2005-03-21 0:00,17940
2005-03-22 0:00,17940
2005-03-23 0:00,17940
2005-03-24 0:00,17940
2005-03-25 0:00,17940
2005-03-28 0:00,17940
2005-03-29 0:00,17940
2005-03-30 0:00,17940
2005-03-31 0:00,17940
2005-04-01 0:00,17940
2005-04-04 0:00,17940
2005-04-05 0:00,17940
2005-04-06 0:00,17940
2005-04-07 0:00,17680
2005-04-08 0:00,17680
2005-04-11 0:00,17680
2005-04-12 0:00,17680
2005-04-13 0:00,17680
2005-04-14 0:00,17680
2005-04-15 0:00,17680
2005-04-18 0:00,17420
2005-04-19 0:00,17420
2005-04-20 0:00,17420
2005-04-21 0:00,17420
2005-04-22 0:00,17420
2005-04-25 0:00,17420
2005-04-26 0:00,17420
2005-04-27 0:00,17420
2005-04-28 0:00,17420
2005-04-29 0:00,17420
2005-05-02 0:00,17420
2005-05-03 0:00,17420
2005-05-04 0:00,17290
2005-05-05 0:00,17290
2005-05-06 0:00,17290
2005-05-09 0:00,17160
2005-05-10 0:00,16900
2005-05-11 0:00,16900
2005-05-12 0:00,16900
2005-05-13 0:00,16900
2005-05-16 0:00,16640
2005-05-17 0:00,16510
2005-05-18 0:00,16510
2005-05-19 0:00,16510
2005-05-20 0:00,16510
2005-05-23 0:00,16510
2005-05-24 0:00,15990
2005-05-25 0:00,15860
2005-05-26 0:00,15860
2005-05-27 0:00,15860
2005-05-30 0:00,15860
2005-05-31 0:00,15860
2005-06-01 0:00,15860
2005-06-02 0:00,15860
2005-06-03 0:00,15600
2005-06-07 0:00,15600
2005-06-08 0:00,15600
2005-06-09 0:00,15470
2005-06-10 0:00,15470
2005-06-13 0:00,15470
2005-06-14 0:00,15210
2005-06-15 0:00,15210
2005-06-16 0:00,15210
2005-06-17 0:00,14820
2005-06-20 0:00,14430
2005-06-21 0:00,14040
2005-06-22 0:00,14040
2005-06-23 0:00,14040
2005-06-24 0:00,14040
2005-06-27 0:00,14040
2005-06-28 0:00,14040
2005-06-29 0:00,14040
2005-06-30 0:00,14040
2005-07-01 0:00,13780
2005-07-04 0:00,13520
2005-07-05 0:00,13520
2005-07-06 0:00,13520
2005-07-07 0:00,13000
2005-07-08 0:00,13000
2005-07-11 0:00,13000
2005-07-12 0:00,13000
2005-07-13 0:00,12870
2005-07-14 0:00,12870
2005-07-15 0:00,12870
2005-07-18 0:00,12870
2005-07-19 0:00,12870
2005-07-20 0:00,12870
2005-07-21 0:00,12870
2005-07-22 0:00,12870
2005-07-25 0:00,12870
2005-07-26 0:00,12870
2005-07-27 0:00,12870
2005-07-28 0:00,12870
2005-07-29 0:00,12870
2005-07-30 0:00,12870
2005-08-01 0:00,12870
2005-08-02 0:00,12870
2005-08-03 0:00,12870
2005-08-04 0:00,13000
2005-08-05 0:00,13000
2005-08-08 0:00,13000
2005-08-09 0:00,13000
2005-08-10 0:00,13000
2005-08-11 0:00,13000
2005-08-12 0:00,13000
2005-08-15 0:00,13000
2005-08-16 0:00,13000
2005-08-17 0:00,13000
2005-08-18 0:00,13000
2005-08-19 0:00,13000
2005-08-20 0:00,13000
2005-08-22 0:00,13000
2005-08-23 0:00,13130
2005-08-24 0:00,13130
2005-08-25 0:00,13130
2005-08-26 0:00,13598
2005-08-29 0:00,13728
2005-08-30 0:00,13728
2005-08-31 0:00,13728
2005-09-01 0:00,13728
2005-09-02 0:00,13910
2005-09-05 0:00,14560
2005-09-06 0:00,14560
2005-09-07 0:00,14560
2005-09-08 0:00,14820
2005-09-09 0:00,14820
2005-09-10 0:00,14820
2005-09-12 0:00,14950
2005-09-13 0:00,14950
2005-09-14 0:00,15158
2005-09-15 0:00,15158
2005-09-16 0:00,15158
2005-09-20 0:00,15158
2005-09-21 0:00,15158
2005-09-22 0:00,15158
2005-09-23 0:00,14950
2005-09-26 0:00,14950
2005-09-27 0:00,14950
2005-09-28 0:00,14950
2005-09-29 0:00,14950
2005-09-30 0:00,14950
2005-10-04 0:00,14820
2005-10-05 0:00,14638
2005-10-06 0:00,14638
2005-10-07 0:00,14638
2005-10-10 0:00,14898
2005-10-11 0:00,14690
2005-10-12 0:00,14300
2005-10-13 0:00,14300
2005-10-14 0:00,14040
2005-10-15 0:00,14040
2005-10-17 0:00,14040
2005-10-18 0:00,14040
2005-10-19 0:00,14040
2005-10-20 0:00,14040
2005-10-21 0:00,14040
2005-10-24 0:00,14040
2005-10-25 0:00,14040
2005-10-26 0:00,13780
2005-10-27 0:00,13780
2005-10-28 0:00,13780
2005-10-31 0:00,13650
2005-11-01 0:00,13260
2005-11-02 0:00,13000
2005-11-03 0:00,13000
2005-11-04 0:00,13000
2005-11-05 0:00,13000
2005-11-07 0:00,12740
2005-11-08 0:00,12740
2005-11-09 0:00,12740
2005-11-10 0:00,12740
2005-11-11 0:00,12610
2005-11-14 0:00,11960
2005-11-15 0:00,11830
2005-11-16 0:00,11830
2005-11-17 0:00,11960
2005-11-18 0:00,11960
2005-11-21 0:00,12090
2005-11-22 0:00,12090
2005-11-23 0:00,11960
2005-11-24 0:00,11960
2005-11-25 0:00,11960
2005-11-28 0:00,11960
2005-11-29 0:00,11960
2005-11-30 0:00,11960
2005-12-02 0:00,11830
2005-12-05 0:00,11830
2005-12-06 0:00,11830
2005-12-07 0:00,11830
2005-12-08 0:00,11830
2005-12-09 0:00,11830
2005-12-10 0:00,11830
2005-12-12 0:00,11830
2005-12-13 0:00,11830
2005-12-14 0:00,11830
2005-12-15 0:00,11830
2005-12-16 0:00,11830
2005-12-19 0:00,11830
2005-12-20 0:00,11830
2005-12-21 0:00,11830
2005-12-22 0:00,11830
2005-12-23 0:00,11830
2005-12-26 0:00,11830
2005-12-27 0:00,11960
2005-12-28 0:00,11960
2005-12-29 0:00,11960
2005-12-30 0:00,11830
2006-01-02 0:00,11830
2006-01-03 0:00,11830
2006-01-04 0:00,11830
2006-01-05 0:00,11700
2006-01-06 0:00,11700
2006-01-09 0:00,11700
2006-01-10 0:00,11700
2006-01-11 0:00,11700
2006-01-12 0:00,11700
2006-01-13 0:00,11700
2006-01-15 0:00,11700
2006-01-16 0:00,11882
2006-01-17 0:00,12090
2006-01-18 0:00,12610
2006-01-19 0:00,12610
2006-01-20 0:00,12610
2006-01-23 0:00,13052
2006-01-24 0:00,13442
2006-01-25 0:00,13442
2006-01-26 0:00,13442
2006-01-27 0:00,13442
2006-01-31 0:00,13442
2006-02-01 0:00,13442
2006-02-02 0:00,13442
2006-02-03 0:00,13650
2006-02-06 0:00,13650
2006-02-07 0:00,13650
2006-02-08 0:00,13832
2006-02-09 0:00,13832
2006-02-10 0:00,13832
2006-02-13 0:00,13832
2006-02-14 0:00,13832
2006-02-15 0:00,13832
2006-02-16 0:00,13832
2006-02-17 0:00,13832
2006-02-20 0:00,14040
2006-02-21 0:00,14040
2006-02-22 0:00,14040
2006-02-23 0:00,14040
2006-02-24 0:00,14040
2006-02-27 0:00,14040
2006-02-28 0:00,13910
2006-03-02 0:00,13910
2006-03-03 0:00,14508
2006-03-06 0:00,14508
2006-03-07 0:00,14508
2006-03-08 0:00,14508
2006-03-09 0:00,14508
2006-03-10 0:00,14508
2006-03-13 0:00,14508
2006-03-14 0:00,14508
2006-03-15 0:00,14508
2006-03-16 0:00,14508
2006-03-17 0:00,14508
2006-03-20 0:00,15288
2006-03-21 0:00,15626
2006-03-22 0:00,15626
2006-03-23 0:00,15626
2006-03-24 0:00,15626
2006-03-27 0:00,15626
2006-03-28 0:00,15756
2006-03-29 0:00,15756
2006-03-30 0:00,15756
2006-03-31 0:00,15756
2006-04-03 0:00,15938
2006-04-04 0:00,16198
2006-04-05 0:00,16198
2006-04-06 0:00,16198
2006-04-07 0:00,16458
2006-04-10 0:00,16588
2006-04-11 0:00,17030
2006-04-12 0:00,17160
2006-04-13 0:00,17160
2006-04-14 0:00,17160
2006-04-17 0:00,17290
2006-04-18 0:00,17290
2006-04-19 0:00,17290
2006-04-20 0:00,17290
2006-04-21 0:00,17290
2006-04-24 0:00,17498
2006-04-25 0:00,17498
2006-04-26 0:00,17498
2006-04-27 0:00,17498
2006-04-28 0:00,17498
2006-05-02 0:00,17498
2006-05-03 0:00,17498
2006-05-04 0:00,17368
2006-05-08 0:00,17628
2006-05-09 0:00,17628
2006-05-10 0:00,17628
2006-05-11 0:00,17628
2006-05-12 0:00,17628
2006-05-15 0:00,17238
2006-05-16 0:00,17238
2006-05-17 0:00,17108
2006-05-18 0:00,17108
2006-05-19 0:00,17108
2006-05-22 0:00,16978
2006-05-23 0:00,16796
2006-05-24 0:00,16666
2006-05-25 0:00,16666
2006-05-26 0:00,16666
2006-05-29 0:00,16458
2006-05-30 0:00,16458
2006-06-01 0:00,16458
2006-06-02 0:00,16458
2006-06-05 0:00,16458
2006-06-07 0:00,16458
2006-06-08 0:00,16458
2006-06-09 0:00,16458
2006-06-12 0:00,16458
2006-06-13 0:00,16458
2006-06-14 0:00,16458
2006-06-15 0:00,16458
2006-06-16 0:00,16458
2006-06-19 0:00,16458
2006-06-20 0:00,16458
2006-06-21 0:00,16458
2006-06-22 0:00,16458
2006-06-23 0:00,16458
2006-06-26 0:00,16458
2006-06-27 0:00,16458
2006-06-28 0:00,16458
2006-06-29 0:00,16120
2006-06-30 0:00,16120
2006-07-03 0:00,16250
2006-07-04 0:00,16250
2006-07-05 0:00,16250
2006-07-06 0:00,16250
2006-07-07 0:00,16250
2006-07-10 0:00,16250
2006-07-11 0:00,16120
2006-07-12 0:00,16120
2006-07-13 0:00,16120
2006-07-14 0:00,15990
2006-07-18 0:00,15340
2006-07-19 0:00,15340
2006-07-20 0:00,15340
2006-07-21 0:00,15158
2006-07-24 0:00,15028
2006-07-25 0:00,14820
2006-07-26 0:00,14560
2006-07-27 0:00,14300
2006-07-28 0:00,14300
2006-07-31 0:00,13910
2006-08-01 0:00,13910
2006-08-02 0:00,13910
2006-08-03 0:00,13780
2006-08-04 0:00,13208
2006-08-07 0:00,13390
2006-08-08 0:00,13390
2006-08-09 0:00,13390
2006-08-10 0:00,13390
2006-08-11 0:00,13650
2006-08-14 0:00,13650
2006-08-16 0:00,13520
2006-08-17 0:00,13520
2006-08-18 0:00,13780
2006-08-21 0:00,13780
2006-08-22 0:00,13780
2006-08-23 0:00,14040
2006-08-24 0:00,14378
2006-08-25 0:00,14378
2006-08-28 0:00,14378
2006-08-29 0:00,14690
2006-08-30 0:00,14690
2006-08-31 0:00,14690
2006-09-01 0:00,14820
2006-09-04 0:00,14820
2006-09-05 0:00,14820
2006-09-06 0:00,14820
2006-09-07 0:00,14820
2006-09-08 0:00,15080
2006-09-11 0:00,15080
2006-09-12 0:00,15080
2006-09-13 0:00,15340
2006-09-14 0:00,15340
2006-09-15 0:00,15340
2006-09-18 0:00,15470
2006-09-19 0:00,15600
2006-09-20 0:00,15600
2006-09-21 0:00,15600
2006-09-22 0:00,15600
2006-09-25 0:00,15600
2006-09-26 0:00,15600
2006-09-27 0:00,15600
2006-09-28 0:00,15600
2006-09-29 0:00,15600
2006-09-30 0:00,15600
2006-10-02 0:00,16250
2006-10-04 0:00,16250
2006-10-09 0:00,16250
2006-10-10 0:00,16198
2006-10-11 0:00,16198
2006-10-12 0:00,16198
2006-10-13 0:00,16198
2006-10-16 0:00,16198
2006-10-17 0:00,16068
2006-10-18 0:00,15938
2006-10-19 0:00,15938
2006-10-20 0:00,15938
2006-10-23 0:00,15756
2006-10-24 0:00,15756
2006-10-25 0:00,15756
2006-10-26 0:00,15756
2006-10-27 0:00,15756
2006-10-30 0:00,15756
2006-10-31 0:00,15756
2006-11-01 0:00,15756
2006-11-02 0:00,15756
2006-11-03 0:00,15756
2006-11-06 0:00,15626
2006-11-07 0:00,15626
2006-11-08 0:00,15626
2006-11-09 0:00,15626
2006-11-10 0:00,15626
2006-11-13 0:00,15496
2006-11-14 0:00,15496
2006-11-15 0:00,15496
2006-11-16 0:00,15496
2006-11-20 0:00,15158
2006-11-21 0:00,14820
2006-11-22 0:00,14820
2006-11-23 0:00,14430
2006-11-24 0:00,14430
2006-11-27 0:00,14040
2006-11-28 0:00,13520
2006-11-29 0:00,13338
2006-11-30 0:00,13338
2006-12-04 0:00,13338
2006-12-05 0:00,13338
2006-12-06 0:00,13130
2006-12-07 0:00,13130
2006-12-08 0:00,13000
2006-12-11 0:00,12870
2006-12-12 0:00,12870
2006-12-13 0:00,12870
2006-12-14 0:00,12870
2006-12-15 0:00,12870
2006-12-18 0:00,12870
2006-12-19 0:00,12870
2006-12-20 0:00,12870
2006-12-21 0:00,12870
2006-12-22 0:00,12870
2006-12-25 0:00,12870
2006-12-26 0:00,12870
2006-12-27 0:00,12740
2006-12-28 0:00,12740
2006-12-29 0:00,12740
2007-01-02 0:00,12740
2007-01-03 0:00,12740
2007-01-04 0:00,12740
2007-01-05 0:00,12740
2007-01-08 0:00,12740
2007-01-09 0:00,12740
2007-01-10 0:00,12740
2007-01-11 0:00,12740
2007-01-12 0:00,12740
2007-01-15 0:00,12740
2007-01-16 0:00,12740
2007-01-17 0:00,12740
2007-01-18 0:00,12740
2007-01-19 0:00,12740
2007-01-22 0:00,13390
2007-01-23 0:00,13390
2007-01-24 0:00,13390
2007-01-25 0:00,13650
2007-01-26 0:00,13650
2007-01-29 0:00,14820
2007-01-30 0:00,15080
2007-01-31 0:00,15210
2007-02-01 0:00,15600
2007-02-02 0:00,15600
2007-02-05 0:00,15600
2007-02-06 0:00,16328
2007-02-07 0:00,16458
2007-02-08 0:00,16458
2007-02-09 0:00,16718
2007-02-12 0:00,17056
2007-02-13 0:00,17056
2007-02-14 0:00,17186
2007-02-15 0:00,17316
2007-02-16 0:00,17316
2007-02-20 0:00,17316
2007-02-21 0:00,17316
2007-02-22 0:00,17316
2007-02-23 0:00,17316
2007-02-26 0:00,17368
2007-02-27 0:00,17368
2007-02-28 0:00,17368
2007-03-02 0:00,17368
2007-03-05 0:00,17368
2007-03-06 0:00,17368
2007-03-07 0:00,17368
2007-03-08 0:00,17368
2007-03-09 0:00,17368
2007-03-12 0:00,17160
2007-03-13 0:00,17160
2007-03-14 0:00,17160
2007-03-15 0:00,17160
2007-03-16 0:00,17160
2007-03-19 0:00,17160
2007-03-20 0:00,17160
2007-03-21 0:00,17160
2007-03-22 0:00,17160
2007-03-23 0:00,17160
2007-03-26 0:00,17368
2007-03-27 0:00,17368
2007-03-28 0:00,17368
2007-03-29 0:00,17368
2007-03-30 0:00,17368
2007-04-02 0:00,18252
2007-04-03 0:00,18512
2007-04-04 0:00,18512
2007-04-05 0:00,18512
2007-04-06 0:00,18512
2007-04-09 0:00,18512
2007-04-10 0:00,18512
2007-04-11 0:00,18512
2007-04-12 0:00,18512
2007-04-13 0:00,18512
2007-04-16 0:00,18512
2007-04-17 0:00,18902
2007-04-18 0:00,19162
2007-04-19 0:00,19292
2007-04-20 0:00,19422
2007-04-23 0:00,19422
2007-04-24 0:00,19422
2007-04-25 0:00,19422
2007-04-26 0:00,19578
2007-04-27 0:00,19578
2007-04-30 0:00,19578
2007-05-02 0:00,19578
2007-05-03 0:00,19578
2007-05-04 0:00,19578
2007-05-07 0:00,19578
2007-05-08 0:00,19578
2007-05-09 0:00,19578
2007-05-10 0:00,19578
2007-05-11 0:00,19396
2007-05-14 0:00,19396
2007-05-15 0:00,19396
2007-05-16 0:00,19396
2007-05-17 0:00,19396
2007-05-18 0:00,19396
2007-05-21 0:00,19396
2007-05-22 0:00,19396
2007-05-23 0:00,19240
2007-05-25 0:00,19240
2007-05-28 0:00,19240
2007-05-29 0:00,18824
2007-05-30 0:00,18824
2007-05-31 0:00,18824
2007-06-01 0:00,18824
2007-06-04 0:00,18616
2007-06-05 0:00,18616
2007-06-07 0:00,17628
2007-06-08 0:00,17446
2007-06-11 0:00,17316
2007-06-12 0:00,17316
2007-06-13 0:00,17316
2007-06-14 0:00,17186
2007-06-15 0:00,17004
2007-06-18 0:00,16614
2007-06-19 0:00,16406
2007-06-20 0:00,16406
2007-06-21 0:00,16276
2007-06-22 0:00,16016
2007-06-25 0:00,16146
2007-06-26 0:00,16146
2007-06-27 0:00,16016
2007-06-28 0:00,16016
2007-06-29 0:00,16016
2007-07-02 0:00,16016
2007-07-03 0:00,14898
2007-07-04 0:00,14898
2007-07-05 0:00,14898
2007-07-06 0:00,14898
2007-07-09 0:00,14898
2007-07-10 0:00,14768
2007-07-11 0:00,14638
2007-07-12 0:00,14638
2007-07-13 0:00,14638
2007-07-16 0:00,14430
2007-07-18 0:00,14430
2007-07-19 0:00,14430
2007-07-20 0:00,14430
2007-07-23 0:00,14430
2007-07-24 0:00,14430
2007-07-25 0:00,14430
2007-07-26 0:00,14430
2007-07-27 0:00,14430
2007-07-30 0:00,14300
2007-07-31 0:00,14040
2007-08-01 0:00,14040
2007-08-02 0:00,14040
2007-08-03 0:00,13910
2007-08-06 0:00,13910
2007-08-07 0:00,13650
2007-08-08 0:00,13650
2007-08-09 0:00,13650
2007-08-10 0:00,13650
2007-08-13 0:00,13650
2007-08-14 0:00,13650
2007-08-16 0:00,13650
2007-08-17 0:00,13650
2007-08-20 0:00,13650
2007-08-21 0:00,13650
2007-08-22 0:00,13650
2007-08-23 0:00,13650
2007-08-24 0:00,13650
2007-08-27 0:00,13650
2007-08-28 0:00,13650
2007-08-29 0:00,13650
2007-08-30 0:00,13650
2007-08-31 0:00,13650
2007-09-03 0:00,13650
2007-09-04 0:00,13650
2007-09-05 0:00,13650
2007-09-06 0:00,13650
2007-09-07 0:00,13650
2007-09-10 0:00,13650
2007-09-11 0:00,14040
2007-09-12 0:00,14040
2007-09-13 0:00,14040
2007-09-14 0:00,14040
2007-09-17 0:00,14040
2007-09-18 0:00,14040
2007-09-19 0:00,14170
2007-09-20 0:00,14170
2007-09-21 0:00,14170
2007-09-27 0:00,14170
2007-09-28 0:00,14638
2007-10-01 0:00,14638
2007-10-02 0:00,14638
2007-10-04 0:00,14638
2007-10-05 0:00,14638
2007-10-08 0:00,14638
2007-10-09 0:00,14638
2007-10-10 0:00,14638
2007-10-11 0:00,14638
2007-10-12 0:00,14508
2007-10-15 0:00,14508
2007-10-16 0:00,14508
2007-10-17 0:00,14508
2007-10-18 0:00,14508
2007-10-19 0:00,14508
2007-10-22 0:00,14508
2007-10-23 0:00,14508
2007-10-24 0:00,14508
2007-10-25 0:00,14508
2007-10-26 0:00,14508
2007-10-29 0:00,14508
2007-10-30 0:00,14508
2007-10-31 0:00,14508
2007-11-01 0:00,14508
2007-11-02 0:00,14508
2007-11-05 0:00,14508
2007-11-06 0:00,14508
2007-11-07 0:00,14508
2007-11-08 0:00,14300
2007-11-09 0:00,14300
2007-11-12 0:00,14300
2007-11-13 0:00,14300
2007-11-14 0:00,13780
2007-11-15 0:00,13520
2007-11-16 0:00,13520
2007-11-19 0:00,13130
2007-11-20 0:00,13000
2007-11-21 0:00,12870
2007-11-22 0:00,12740
2007-11-23 0:00,12610
2007-11-26 0:00,12220
2007-11-27 0:00,11830
2007-11-28 0:00,11700
2007-11-29 0:00,11700
2007-11-30 0:00,11700
2007-12-03 0:00,11700
2007-12-04 0:00,11570
2007-12-05 0:00,11570
2007-12-06 0:00,11570
2007-12-07 0:00,11570
2007-12-10 0:00,11570
2007-12-11 0:00,11570
2007-12-12 0:00,11570
2007-12-13 0:00,11570
2007-12-14 0:00,11570
2007-12-17 0:00,11570
2007-12-18 0:00,11570
2007-12-20 0:00,11570
2007-12-21 0:00,11570
2007-12-24 0:00,11778
2007-12-26 0:00,11778
2007-12-27 0:00,11778
2007-12-28 0:00,11908
2007-12-31 0:00,11908
2008-01-02 0:00,11908
2008-01-03 0:00,11908
2008-01-04 0:00,11908
2008-01-07 0:00,11908
2008-01-08 0:00,11908
2008-01-09 0:00,11908
2008-01-10 0:00,12168
2008-01-11 0:00,12168
2008-01-14 0:00,12298
2008-01-15 0:00,12558
2008-01-16 0:00,12558
2008-01-17 0:00,12558
2008-01-18 0:00,12558
2008-01-21 0:00,12948
2008-01-22 0:00,13208
2008-01-23 0:00,13208
2008-01-24 0:00,13208
2008-01-25 0:00,13208
2008-01-28 0:00,13468
2008-01-29 0:00,13468
2008-01-30 0:00,13468
2008-01-31 0:00,13468
2008-02-01 0:00,13468
2008-02-04 0:00,13728
2008-02-05 0:00,13728
2008-02-11 0:00,14378
2008-02-12 0:00,14378
2008-02-13 0:00,14768
2008-02-14 0:00,14768
2008-02-15 0:00,14768
2008-02-18 0:00,14768
2008-02-19 0:00,14768
2008-02-20 0:00,14768
2008-02-21 0:00,14768
2008-02-22 0:00,15158
2008-02-25 0:00,15288
2008-02-26 0:00,15288
2008-02-27 0:00,15288
2008-02-28 0:00,15288
2008-02-29 0:00,15678
2008-03-03 0:00,15886
2008-03-04 0:00,15886
2008-03-05 0:00,15886
2008-03-06 0:00,15886
2008-03-07 0:00,15886
2008-03-10 0:00,16094
2008-03-11 0:00,16224
2008-03-12 0:00,16432
2008-03-13 0:00,16432
2008-03-14 0:00,16432
2008-03-17 0:00,17680
2008-03-18 0:00,17680
2008-03-19 0:00,17810
2008-03-20 0:00,17810
2008-03-21 0:00,18226
2008-03-24 0:00,18408
2008-03-25 0:00,18408
2008-03-26 0:00,18408
2008-03-27 0:00,18408
2008-03-28 0:00,18408
2008-03-31 0:00,18408
2008-04-01 0:00,18408
2008-04-02 0:00,18668
2008-04-03 0:00,18668
2008-04-04 0:00,18668
2008-04-07 0:00,18668
2008-04-08 0:00,18668
2008-04-10 0:00,18668
2008-04-11 0:00,18668
2008-04-14 0:00,18538
2008-04-15 0:00,18538
2008-04-16 0:00,18538
2008-04-17 0:00,18538
2008-04-18 0:00,18746
2008-04-21 0:00,19006
2008-04-22 0:00,19136
2008-04-23 0:00,19266
2008-04-24 0:00,19266
2008-04-25 0:00,19474
2008-04-28 0:00,19474
2008-04-29 0:00,19474
2008-04-30 0:00,19682
2008-05-02 0:00,19682
2008-05-06 0:00,19682
2008-05-07 0:00,19682
2008-05-08 0:00,19682
2008-05-09 0:00,19682
2008-05-13 0:00,19812
2008-05-14 0:00,19942
2008-05-15 0:00,19942
2008-05-16 0:00,20280
2008-05-19 0:00,20150
2008-05-20 0:00,20150
2008-05-21 0:00,20150
2008-05-22 0:00,20150
2008-05-23 0:00,20150
2008-05-26 0:00,20150
2008-05-27 0:00,20150
2008-05-28 0:00,20150
2008-05-29 0:00,20150
2008-05-30 0:00,20150
2008-06-02 0:00,20150
2008-06-03 0:00,20150
2008-06-04 0:00,20150
2008-06-05 0:00,20150
2008-06-09 0:00,20150
2008-06-10 0:00,19734
2008-06-11 0:00,19734
2008-06-12 0:00,19734
2008-06-13 0:00,19734
2008-06-16 0:00,19474
2008-06-17 0:00,19136
2008-06-18 0:00,19136
2008-06-19 0:00,19006
2008-06-20 0:00,19006
2008-06-23 0:00,19006
2008-06-24 0:00,19006
2008-06-25 0:00,19006
2008-06-26 0:00,19006
2008-06-27 0:00,19006
2008-06-30 0:00,19006
2008-07-01 0:00,19006
2008-07-02 0:00,19006
2008-07-03 0:00,19006
2008-07-04 0:00,19006
2008-07-07 0:00,19006
2008-07-08 0:00,19006
2008-07-09 0:00,19006
2008-07-10 0:00,19006
2008-07-11 0:00,19006
2008-07-14 0:00,19006
2008-07-15 0:00,19006
2008-07-16 0:00,19006
2008-07-17 0:00,19006
2008-07-18 0:00,19006
2008-07-21 0:00,19006
2008-07-22 0:00,19006
2008-07-23 0:00,18850
2008-07-24 0:00,18850
2008-07-25 0:00,18850
2008-07-28 0:00,18850
2008-07-29 0:00,18850
2008-07-30 0:00,18850
2008-07-31 0:00,18850
2008-08-01 0:00,18850
2008-08-04 0:00,18642
2008-08-05 0:00,18642
2008-08-06 0:00,18642
2008-08-07 0:00,18642
2008-08-08 0:00,18642
2008-08-11 0:00,18642
2008-08-12 0:00,18434
2008-08-13 0:00,18434
2008-08-14 0:00,18434
2008-08-18 0:00,18434
2008-08-19 0:00,18252
2008-08-20 0:00,18252
2008-08-21 0:00,18252
2008-08-22 0:00,18252
2008-08-25 0:00,18122
2008-08-26 0:00,18122
2008-08-27 0:00,18122
2008-08-28 0:00,18122
2008-08-29 0:00,18122
2008-09-01 0:00,18122
2008-09-02 0:00,18122
2008-09-03 0:00,18330
2008-09-04 0:00,18330
2008-09-05 0:00,18330
2008-09-08 0:00,18538
2008-09-09 0:00,18538
2008-09-10 0:00,18538
2008-09-11 0:00,18538
2008-09-12 0:00,18538
2008-09-16 0:00,18538
2008-09-17 0:00,18538
2008-09-18 0:00,18538
2008-09-19 0:00,18538
2008-09-22 0:00,18538
2008-09-23 0:00,18538
2008-09-24 0:00,18538
2008-09-25 0:00,18538
2008-09-26 0:00,18538
2008-09-29 0:00,18538
2008-09-30 0:00,18876
2008-10-01 0:00,18876
2008-10-02 0:00,18876
2008-10-06 0:00,19344
2008-10-07 0:00,19344
2008-10-08 0:00,19500
2008-10-09 0:00,19500
2008-10-10 0:00,19500
2008-10-13 0:00,19500
2008-10-14 0:00,19500
2008-10-15 0:00,19708
2008-10-16 0:00,19838
2008-10-17 0:00,19838
2008-10-20 0:00,19838
2008-10-21 0:00,19838
2008-10-22 0:00,19838
2008-10-23 0:00,19838
2008-10-24 0:00,19838
2008-10-27 0:00,19838
2008-10-28 0:00,19838
2008-10-29 0:00,19838
2008-10-30 0:00,19838
2008-10-31 0:00,19838
2008-11-03 0:00,19838
2008-11-04 0:00,19838
2008-11-05 0:00,19838
2008-11-06 0:00,19838
2008-11-07 0:00,19838
2008-11-10 0:00,19708
2008-11-11 0:00,19292
2008-11-12 0:00,19292
2008-11-13 0:00,19292
2008-11-14 0:00,19292
2008-11-17 0:00,19292
2008-11-18 0:00,19292
2008-11-19 0:00,19292
2008-11-20 0:00,19162
2008-11-21 0:00,19162
2008-11-24 0:00,19162
2008-11-25 0:00,19162
2008-11-26 0:00,19162
2008-11-27 0:00,19162
2008-11-28 0:00,19162
2008-12-02 0:00,19162
2008-12-03 0:00,19162
2008-12-04 0:00,18954
2008-12-05 0:00,18954
2008-12-08 0:00,18954
2008-12-09 0:00,18954
2008-12-10 0:00,18954
2008-12-11 0:00,18954
2008-12-12 0:00,18954
2008-12-15 0:00,18954
2008-12-16 0:00,18954
2008-12-17 0:00,18954
2008-12-18 0:00,18954
2008-12-19 0:00,18954
2008-12-22 0:00,18954
2008-12-23 0:00,18954
2008-12-24 0:00,18954
2008-12-26 0:00,19214
2008-12-29 0:00,19214
2008-12-30 0:00,19578
2008-12-31 0:00,19578
2009-01-02 0:00,19578
2009-01-05 0:00,19578
2009-01-06 0:00,19578
2009-01-07 0:00,19578
2009-01-08 0:00,19578
2009-01-09 0:00,19578
2009-01-12 0:00,19578
2009-01-13 0:00,19578
2009-01-14 0:00,19578
2009-01-15 0:00,19318
2009-01-16 0:00,19318
2009-01-19 0:00,19318
2009-01-20 0:00,19448
2009-01-21 0:00,19656
2009-01-22 0:00,19656
2009-01-23 0:00,20072
2009-01-28 0:00,20072
2009-01-29 0:00,20098
2009-01-30 0:00,20098
2009-02-02 0:00,20098
2009-02-03 0:00,20124
2009-02-04 0:00,20124
2009-02-05 0:00,20124
2009-02-06 0:00,20124
2009-02-09 0:00,20046
2009-02-10 0:00,20046
2009-02-11 0:00,20202
2009-02-12 0:00,20774
2009-02-13 0:00,20774
2009-02-16 0:00,20774
2009-02-17 0:00,20930
2009-02-18 0:00,20930
2009-02-19 0:00,20930
2009-02-20 0:00,21190
2009-02-23 0:00,21424
2009-02-24 0:00,21424
2009-02-25 0:00,21424
2009-02-26 0:00,21554
2009-02-27 0:00,21554
2009-03-02 0:00,21762
2009-03-03 0:00,21762
2009-03-04 0:00,22568
2009-03-05 0:00,22828
2009-03-06 0:00,22828
2009-03-09 0:00,22828
2009-03-10 0:00,23088
2009-03-11 0:00,23296
2009-03-12 0:00,23166
2009-03-13 0:00,23452
2009-03-16 0:00,23322
2009-03-17 0:00,23322
2009-03-18 0:00,23322
2009-03-19 0:00,23322
2009-03-20 0:00,23322
2009-03-23 0:00,23322
2009-03-24 0:00,23114
2009-03-25 0:00,23114
2009-03-26 0:00,23114
2009-03-27 0:00,23114
2009-03-30 0:00,23114
2009-03-31 0:00,23114
2009-04-01 0:00,23114
2009-04-02 0:00,23114
2009-04-03 0:00,23114
2009-04-06 0:00,23114
2009-04-07 0:00,24232
2009-04-08 0:00,24492
2009-04-09 0:00,24492
2009-04-10 0:00,24492
2009-04-13 0:00,25428
2009-04-14 0:00,25428
2009-04-15 0:00,25428
2009-04-16 0:00,25428
2009-04-17 0:00,25428
2009-04-20 0:00,25428
2009-04-21 0:00,25662
2009-04-22 0:00,25662
2009-04-23 0:00,25662
2009-04-24 0:00,25662
2009-04-27 0:00,25662
2009-04-28 0:00,25662
2009-04-29 0:00,25662
2009-04-30 0:00,25662
2009-05-04 0:00,25662
2009-05-06 0:00,25662
2009-05-07 0:00,25662
2009-05-08 0:00,25662
2009-05-11 0:00,25662
2009-05-12 0:00,25662
2009-05-13 0:00,25662
2009-05-14 0:00,25662
2009-05-15 0:00,25662
2009-05-18 0:00,25402
2009-05-19 0:00,25402
2009-05-20 0:00,25610
2009-05-21 0:00,25610
2009-05-22 0:00,25610
2009-05-25 0:00,25610
2009-05-26 0:00,25610
2009-05-27 0:00,25610
2009-05-28 0:00,25610
2009-05-29 0:00,25610
2009-06-01 0:00,25610
2009-06-02 0:00,25610
2009-06-03 0:00,25610
2009-06-04 0:00,25610
2009-06-05 0:00,25402
2009-06-08 0:00,25194
2009-06-09 0:00,25194
2009-06-10 0:00,24934
2009-06-11 0:00,24934
2009-06-12 0:00,24934
2009-06-15 0:00,24934
2009-06-16 0:00,24934
2009-06-17 0:00,24934
2009-06-18 0:00,24934
2009-06-19 0:00,24934
2009-06-22 0:00,24934
2009-06-23 0:00,24934
2009-06-24 0:00,24934
2009-06-25 0:00,24934
2009-06-26 0:00,24934
2009-06-29 0:00,24934
2009-06-30 0:00,24934
2009-07-01 0:00,24934
2009-07-02 0:00,24934
2009-07-03 0:00,24934
2009-07-06 0:00,24934
2009-07-07 0:00,24934
2009-07-08 0:00,24934
2009-07-09 0:00,24414
2009-07-10 0:00,24414
2009-07-13 0:00,24414
2009-07-14 0:00,24414
2009-07-15 0:00,23634
2009-07-16 0:00,23192
2009-07-17 0:00,23062
2009-07-20 0:00,23062
2009-07-21 0:00,22880
2009-07-22 0:00,22880
2009-07-23 0:00,22880
2009-07-24 0:00,22880
2009-07-27 0:00,22880
2009-07-28 0:00,22880
2009-07-29 0:00,22880
2009-07-30 0:00,22880
2009-07-31 0:00,22880
2009-08-03 0:00,22880
2009-08-04 0:00,22672
2009-08-05 0:00,22672
2009-08-06 0:00,22672
2009-08-07 0:00,22672
2009-08-10 0:00,22542
2009-08-11 0:00,22542
2009-08-12 0:00,22542
2009-08-13 0:00,22542
2009-08-14 0:00,22542
2009-08-17 0:00,22542
2009-08-18 0:00,22230
2009-08-19 0:00,22230
2009-08-20 0:00,22230
2009-08-21 0:00,21580
2009-08-24 0:00,21190
2009-08-25 0:00,21060
2009-08-26 0:00,21060
2009-08-27 0:00,21060
2009-08-28 0:00,21060
2009-08-31 0:00,21060
2009-09-01 0:00,21060
2009-09-02 0:00,20800
2009-09-03 0:00,20800
2009-09-04 0:00,20800
2009-09-07 0:00,20800
2009-09-08 0:00,20800
2009-09-09 0:00,20800
2009-09-10 0:00,20800
2009-09-11 0:00,20800
2009-09-14 0:00,21060
2009-09-15 0:00,21060
2009-09-16 0:00,21060
2009-09-17 0:00,21060
2009-09-18 0:00,21060
2009-09-21 0:00,21060
2009-09-22 0:00,21060
2009-09-23 0:00,21060
2009-09-24 0:00,21060
2009-09-25 0:00,21060
2009-09-28 0:00,21060
2009-09-29 0:00,21060
2009-09-30 0:00,21060
2009-10-01 0:00,21060
2009-10-05 0:00,21060
2009-10-06 0:00,21060
2009-10-07 0:00,20982
2009-10-08 0:00,20982
2009-10-09 0:00,20930
2009-10-12 0:00,20930
2009-10-13 0:00,20852
2009-10-14 0:00,20852
2009-10-15 0:00,20852
2009-10-16 0:00,20852
2009-10-19 0:00,20852
2009-10-20 0:00,20852
2009-10-21 0:00,20462
2009-10-22 0:00,20462
2009-10-23 0:00,20202
2009-10-26 0:00,20202
2009-10-27 0:00,20202
2009-10-28 0:00,20202
2009-10-29 0:00,20202
2009-10-30 0:00,19682
2009-11-02 0:00,19682
2009-11-03 0:00,19006
2009-11-04 0:00,19006
2009-11-05 0:00,19006
2009-11-06 0:00,19006
2009-11-09 0:00,19006
2009-11-10 0:00,19006
2009-11-11 0:00,18746
2009-11-12 0:00,18486
2009-11-13 0:00,18486
2009-11-16 0:00,17966
2009-11-17 0:00,17966
2009-11-18 0:00,17966
2009-11-19 0:00,17966
2009-11-20 0:00,17706
2009-11-23 0:00,17576
2009-11-24 0:00,16926
2009-11-25 0:00,16666
2009-11-26 0:00,16666
2009-11-27 0:00,16666
2009-11-30 0:00,16536
2009-12-02 0:00,16536
2009-12-03 0:00,16536
2009-12-04 0:00,16536
2009-12-07 0:00,16536
2009-12-08 0:00,16666
2009-12-09 0:00,16250
2009-12-10 0:00,15990
2009-12-11 0:00,15990
2009-12-14 0:00,15990
2009-12-15 0:00,15990
2009-12-16 0:00,15990
2009-12-17 0:00,15990
2009-12-18 0:00,15990
2009-12-21 0:00,15990
2009-12-22 0:00,15990
2009-12-23 0:00,15990
2009-12-24 0:00,15990
2009-12-28 0:00,15990
2009-12-29 0:00,15990
2009-12-30 0:00,16250
2009-12-31 0:00,16250
2010-01-04 0:00,16458
2010-01-05 0:00,16458
2010-01-06 0:00,16458
2010-01-07 0:00,16458
2010-01-08 0:00,16458
2010-01-11 0:00,16458
2010-01-12 0:00,16458
2010-01-13 0:00,16458
2010-01-14 0:00,16458
2010-01-15 0:00,16458
2010-01-18 0:00,16926
2010-01-19 0:00,16926
2010-01-20 0:00,16926
2010-01-21 0:00,16666
2010-01-22 0:00,16666
2010-01-25 0:00,16666
2010-01-26 0:00,16666
2010-01-27 0:00,16848
2010-01-28 0:00,16848
2010-01-29 0:00,16848
2010-02-01 0:00,17108
2010-02-02 0:00,17108
2010-02-03 0:00,17628
2010-02-04 0:00,17628
2010-02-05 0:00,17628
2010-02-08 0:00,17628
2010-02-09 0:00,19162
2010-02-10 0:00,19162
2010-02-11 0:00,19162
2010-02-12 0:00,19344
2010-02-16 0:00,19344
2010-02-17 0:00,19344
2010-02-18 0:00,19344
2010-02-19 0:00,19344
2010-02-22 0:00,19084
2010-02-23 0:00,19084
2010-02-24 0:00,19084
2010-02-25 0:00,19084
2010-02-26 0:00,19084
2010-03-02 0:00,19084
2010-03-03 0:00,19292
2010-03-04 0:00,19812
2010-03-05 0:00,19812
2010-03-08 0:00,19942
2010-03-09 0:00,19942
2010-03-10 0:00,19942
2010-03-11 0:00,19942
2010-03-12 0:00,19942
2010-03-15 0:00,19942
2010-03-16 0:00,19942
2010-03-17 0:00,19942
2010-03-18 0:00,19942
2010-03-19 0:00,20072
2010-03-22 0:00,20072
2010-03-23 0:00,20072
2010-03-24 0:00,20592
2010-03-25 0:00,20592
2010-03-26 0:00,20592
2010-03-29 0:00,20592
2010-03-30 0:00,20592
2010-03-31 0:00,20592
2010-04-01 0:00,20592
2010-04-02 0:00,20852
2010-04-05 0:00,21762
2010-04-06 0:00,21762
2010-04-07 0:00,21762
2010-04-08 0:00,21892
2010-04-09 0:00,21814
2010-04-12 0:00,21814
2010-04-13 0:00,21814
2010-04-14 0:00,21814
2010-04-15 0:00,21814
2010-04-16 0:00,21814
2010-04-19 0:00,21814
2010-04-20 0:00,21814
2010-04-21 0:00,21814
2010-04-22 0:00,21814
2010-04-23 0:00,21554
2010-04-26 0:00,21554
2010-04-27 0:00,21554
2010-04-28 0:00,21554
2010-04-29 0:00,21554
2010-04-30 0:00,21554
2010-05-03 0:00,21762
2010-05-04 0:00,22282
2010-05-06 0:00,22282
2010-05-07 0:00,22880
2010-05-10 0:00,22620
2010-05-11 0:00,22620
2010-05-12 0:00,22620
2010-05-13 0:00,22620
2010-05-14 0:00,22620
2010-05-17 0:00,22620
2010-05-18 0:00,22620
2010-05-19 0:00,22620
2010-05-20 0:00,22620
2010-05-24 0:00,22620
2010-05-25 0:00,22620
2010-05-26 0:00,22620
2010-05-27 0:00,22880
2010-05-28 0:00,22880
2010-05-31 0:00,22880
2010-06-01 0:00,22880
2010-06-03 0:00,22880
2010-06-04 0:00,22880
2010-06-07 0:00,22880
2010-06-08 0:00,22620
2010-06-09 0:00,22620
2010-06-10 0:00,22620
2010-06-11 0:00,22620
2010-06-14 0:00,22620
2010-06-15 0:00,22620
2010-06-16 0:00,22620
2010-06-17 0:00,22360
2010-06-18 0:00,22360
2010-06-21 0:00,22360
2010-06-22 0:00,21840
2010-06-23 0:00,21840
2010-06-24 0:00,21840
2010-06-25 0:00,21840
2010-06-28 0:00,22100
2010-06-29 0:00,22100
2010-06-30 0:00,22100
2010-07-01 0:00,21840
2010-07-02 0:00,21840
2010-07-05 0:00,21840
2010-07-06 0:00,21840
2010-07-07 0:00,21840
2010-07-08 0:00,22100
2010-07-09 0:00,22100
2010-07-12 0:00,22100
2010-07-13 0:00,22100
2010-07-14 0:00,22100
2010-07-15 0:00,22100
2010-07-16 0:00,22100
2010-07-19 0:00,22100
2010-07-20 0:00,22100
2010-07-21 0:00,22100
2010-07-22 0:00,22100
2010-07-23 0:00,22100
2010-07-26 0:00,22100
2010-07-27 0:00,22100
2010-07-28 0:00,21840
2010-07-29 0:00,21840
2010-07-30 0:00,21840
2010-08-02 0:00,21840
2010-08-03 0:00,21840
2010-08-04 0:00,21580
2010-08-05 0:00,21580
2010-08-06 0:00,21580
2010-08-09 0:00,21320
2010-08-10 0:00,21320
2010-08-11 0:00,21320
2010-08-12 0:00,21320
2010-08-13 0:00,21320
2010-08-16 0:00,21320
2010-08-17 0:00,21320
2010-08-18 0:00,21320
2010-08-19 0:00,21320
2010-08-20 0:00,21320
2010-08-23 0:00,21320
2010-08-24 0:00,21320
2010-08-25 0:00,21320
2010-08-26 0:00,21320
2010-08-27 0:00,21320
2010-08-30 0:00,21580
2010-08-31 0:00,21580
2010-09-01 0:00,21580
2010-09-02 0:00,21580
2010-09-03 0:00,21580
2010-09-06 0:00,21580
2010-09-07 0:00,21580
2010-09-08 0:00,21580
2010-09-09 0:00,21580
2010-09-10 0:00,21580
2010-09-13 0:00,21580
2010-09-14 0:00,21580
2010-09-15 0:00,21580
2010-09-16 0:00,21580
2010-09-17 0:00,21840
2010-09-20 0:00,21840
2010-09-24 0:00,21840
2010-09-27 0:00,21580
2010-09-28 0:00,21580
2010-09-29 0:00,21580
2010-09-30 0:00,21580
2010-10-01 0:00,21580
2010-10-04 0:00,21580
2010-10-05 0:00,21580
2010-10-06 0:00,21320
2010-10-07 0:00,19760
2010-10-08 0:00,19500
2010-10-11 0:00,19110
2010-10-12 0:00,19110
2010-10-13 0:00,17550
2010-10-14 0:00,17550
2010-10-15 0:00,17550
2010-10-18 0:00,17550
2010-10-19 0:00,17290
2010-10-20 0:00,16640
2010-10-21 0:00,16640
2010-10-22 0:00,15210
2010-10-25 0:00,15210
2010-10-26 0:00,15210
2010-10-27 0:00,15210
2010-10-28 0:00,15210
2010-10-29 0:00,15080
2010-11-01 0:00,14820
2010-11-02 0:00,14820
2010-11-03 0:00,14820
2010-11-04 0:00,14820
2010-11-05 0:00,14820
2010-11-08 0:00,14820
2010-11-09 0:00,14820
2010-11-10 0:00,14820
2010-11-11 0:00,14820
2010-11-12 0:00,14820
2010-11-15 0:00,14820
2010-11-16 0:00,14820
2010-11-17 0:00,14820
2010-11-18 0:00,14690
2010-11-19 0:00,14690
2010-11-22 0:00,14690
2010-11-23 0:00,14690
2010-11-24 0:00,14690
2010-11-25 0:00,14690
2010-11-26 0:00,14690
2010-11-29 0:00,14690
2010-11-30 0:00,14690
2010-12-01 0:00,14690
2010-12-02 0:00,14820
2010-12-03 0:00,14820
2010-12-06 0:00,14820
2010-12-07 0:00,14820
2010-12-08 0:00,14820
2010-12-09 0:00,14820
2010-12-10 0:00,14820
2010-12-13 0:00,14820
2010-12-14 0:00,14820
2010-12-15 0:00,14820
2010-12-16 0:00,14820
2010-12-17 0:00,14820
2010-12-20 0:00,14820
2010-12-21 0:00,15080
2010-12-22 0:00,15080
2010-12-23 0:00,15080
2010-12-24 0:00,15080
2010-12-27 0:00,14560
2010-12-28 0:00,14560
2010-12-29 0:00,14560
2010-12-30 0:00,14560
2010-12-31 0:00,14560
2011-01-03 0:00,14560
2011-01-04 0:00,14560
2011-01-05 0:00,14560
2011-01-06 0:00,14560
2011-01-07 0:00,14560
2011-01-10 0:00,14560
2011-01-11 0:00,14560
2011-01-12 0:00,14560
2011-01-13 0:00,14560
2011-01-14 0:00,14560
2011-01-17 0:00,14560
2011-01-18 0:00,15080
2011-01-19 0:00,15080
2011-01-20 0:00,15080
2011-01-21 0:00,15080
2011-01-24 0:00,15080
2011-01-25 0:00,15080
2011-01-26 0:00,15080
2011-01-27 0:00,15080
2011-01-28 0:00,15080
2011-01-31 0:00,15080
2011-02-01 0:00,15080
2011-02-07 0:00,15080
2011-02-08 0:00,15080
2011-02-09 0:00,15080
2011-02-10 0:00,15600
2011-02-11 0:00,15912
2011-02-14 0:00,16562
2011-02-15 0:00,16822
2011-02-16 0:00,17602
2011-02-17 0:00,17602
2011-02-18 0:00,17602
2011-02-21 0:00,17992
2011-02-22 0:00,18382
2011-02-23 0:00,18902
2011-02-24 0:00,19552
2011-02-25 0:00,19552
2011-02-28 0:00,19552
2011-03-02 0:00,19552
2011-03-03 0:00,19552
2011-03-04 0:00,19552
2011-03-07 0:00,19890
2011-03-08 0:00,19890
2011-03-09 0:00,20150
2011-03-10 0:00,20150
2011-03-11 0:00,20150
2011-03-14 0:00,19838
2011-03-15 0:00,19838
2011-03-16 0:00,19838
2011-03-17 0:00,20020
2011-03-18 0:00,20150
2011-03-21 0:00,20150
2011-03-22 0:00,20436
2011-03-23 0:00,20696
2011-03-24 0:00,20696
2011-03-25 0:00,20722
2011-03-28 0:00,20722
2011-03-29 0:00,20722
2011-03-30 0:00,20722
2011-03-31 0:00,20722
2011-04-01 0:00,20722
2011-04-04 0:00,20722
2011-04-05 0:00,20722
2011-04-06 0:00,20982
2011-04-07 0:00,20982
2011-04-08 0:00,20982
2011-04-11 0:00,22516
2011-04-12 0:00,22516
2011-04-13 0:00,22516
2011-04-14 0:00,22516
2011-04-15 0:00,22516
2011-04-18 0:00,22516
2011-04-19 0:00,22516
2011-04-20 0:00,22776
2011-04-21 0:00,23036
2011-04-22 0:00,23036
2011-04-25 0:00,23036
2011-04-26 0:00,23036
2011-04-27 0:00,23296
2011-04-28 0:00,23296
2011-04-29 0:00,23296
2011-05-02 0:00,23296
2011-05-03 0:00,23322
2011-05-04 0:00,23322
2011-05-06 0:00,23322
2011-05-09 0:00,23400
2011-05-11 0:00,23400
2011-05-12 0:00,23400
2011-05-13 0:00,23400
2011-05-16 0:00,23400
2011-05-17 0:00,23400
2011-05-18 0:00,23400
2011-05-19 0:00,23400
2011-05-20 0:00,23400
2011-05-23 0:00,23400
2011-05-24 0:00,23400
2011-05-25 0:00,23530
2011-05-26 0:00,23530
2011-05-27 0:00,23400
2011-05-30 0:00,23400
2011-05-31 0:00,23400
2011-06-01 0:00,23140
2011-06-02 0:00,23140
2011-06-03 0:00,23140
2011-06-07 0:00,22958
2011-06-08 0:00,22490
2011-06-09 0:00,22360
2011-06-10 0:00,22360
2011-06-13 0:00,22360
2011-06-14 0:00,22360
2011-06-15 0:00,22360
2011-06-16 0:00,22360
2011-06-17 0:00,22360
2011-06-20 0:00,22360
2011-06-21 0:00,22360
2011-06-22 0:00,22360
2011-06-23 0:00,22360
2011-06-24 0:00,22360
2011-06-27 0:00,22360
2011-06-28 0:00,22360
2011-06-29 0:00,22360
2011-06-30 0:00,21320
2011-07-01 0:00,21320
2011-07-04 0:00,21320
2011-07-05 0:00,21320
2011-07-06 0:00,21320
2011-07-07 0:00,21320
2011-07-08 0:00,21320
2011-07-11 0:00,21060
2011-07-12 0:00,21060
2011-07-13 0:00,21060
2011-07-14 0:00,20800
2011-07-15 0:00,20280
2011-07-18 0:00,20280
2011-07-19 0:00,20280
2011-07-20 0:00,20800
2011-07-21 0:00,20800
2011-07-22 0:00,20800
2011-07-25 0:00,20800
2011-07-26 0:00,20800
2011-07-27 0:00,20800
2011-07-28 0:00,20800
2011-07-29 0:00,20280
2011-08-01 0:00,20280
2011-08-02 0:00,19760
2011-08-03 0:00,19760
2011-08-04 0:00,19760
2011-08-05 0:00,19760
2011-08-08 0:00,18720
2011-08-09 0:00,18720
2011-08-10 0:00,18720
2011-08-11 0:00,18720
2011-08-12 0:00,18720
2011-08-16 0:00,18720
2011-08-17 0:00,19110
2011-08-18 0:00,19110
2011-08-19 0:00,19110
2011-08-22 0:00,18200
2011-08-23 0:00,18200
2011-08-24 0:00,18200
2011-08-25 0:00,18460
2011-08-26 0:00,18460
2011-08-29 0:00,18980
2011-08-30 0:00,18980
2011-08-31 0:00,18980
2011-09-01 0:00,18980
2011-09-02 0:00,18720
2011-09-05 0:00,18720
2011-09-06 0:00,18720
2011-09-07 0:00,18720
2011-09-08 0:00,18720
2011-09-09 0:00,18720
2011-09-14 0:00,18720
2011-09-15 0:00,18720
2011-09-16 0:00,18720
2011-09-19 0:00,18720
2011-09-20 0:00,18720
2011-09-21 0:00,18720
2011-09-22 0:00,18720
2011-09-23 0:00,18720
2011-09-26 0:00,18720
2011-09-27 0:00,18720
2011-09-28 0:00,18720
2011-09-29 0:00,18720
2011-09-30 0:00,18720
2011-10-04 0:00,18720
2011-10-05 0:00,18720
2011-10-06 0:00,18720
2011-10-07 0:00,18720
2011-10-10 0:00,18720
2011-10-11 0:00,18720
2011-10-12 0:00,18720
2011-10-13 0:00,18720
2011-10-14 0:00,18720
2011-10-17 0:00,18720
2011-10-18 0:00,18720
2011-10-19 0:00,18720
2011-10-20 0:00,18720
2011-10-21 0:00,18720
2011-10-24 0:00,18720
2011-10-25 0:00,18720
2011-10-26 0:00,18720
2011-10-27 0:00,18720
2011-10-28 0:00,18720
2011-10-31 0:00,18720
2011-11-01 0:00,18720
2011-11-02 0:00,18720
2011-11-03 0:00,18720
2011-11-04 0:00,18720
2011-11-07 0:00,18980
2011-11-08 0:00,18980
2011-11-09 0:00,18980
2011-11-10 0:00,18980
2011-11-11 0:00,18980
2011-11-14 0:00,18980
2011-11-15 0:00,18980
2011-11-16 0:00,18980
2011-11-17 0:00,18980
2011-11-18 0:00,18980
2011-11-21 0:00,18980
2011-11-22 0:00,18980
2011-11-23 0:00,18720
2011-11-24 0:00,18720
2011-11-25 0:00,18720
2011-11-28 0:00,18720
2011-11-29 0:00,18200
2011-11-30 0:00,18200
2011-12-02 0:00,18200
2011-12-05 0:00,18200
2011-12-06 0:00,18200
2011-12-07 0:00,18200
2011-12-08 0:00,18200
2011-12-09 0:00,18200
2011-12-12 0:00,18200
2011-12-13 0:00,18200
2011-12-14 0:00,18200
2011-12-15 0:00,18200
2011-12-16 0:00,18200
2011-12-19 0:00,17940
2011-12-20 0:00,17940
2011-12-21 0:00,17940
2011-12-22 0:00,17940
2011-12-23 0:00,17940
2011-12-26 0:00,17680
2011-12-27 0:00,17160
2011-12-28 0:00,17160
2011-12-29 0:00,17160
2011-12-30 0:00,16770
2012-01-02 0:00,16770
2012-01-03 0:00,16770
2012-01-04 0:00,16770
2012-01-05 0:00,16770
2012-01-06 0:00,16510
2012-01-09 0:00,16510
2012-01-10 0:00,16510
2012-01-11 0:00,16510
2012-01-12 0:00,16510
2012-01-13 0:00,16510
2012-01-16 0:00,16510
2012-01-17 0:00,16510
2012-01-18 0:00,16510
2012-01-19 0:00,16510
2012-01-20 0:00,16510
2012-01-25 0:00,16510
2012-01-26 0:00,16770
2012-01-27 0:00,16770
2012-01-30 0:00,16770
2012-01-31 0:00,17030
2012-02-01 0:00,17030
2012-02-02 0:00,17030
2012-02-03 0:00,17030
2012-02-06 0:00,17550
2012-02-07 0:00,17550
2012-02-08 0:00,17550
2012-02-09 0:00,17550
2012-02-10 0:00,17550
2012-02-13 0:00,18070
2012-02-14 0:00,18330
2012-02-15 0:00,18330
2012-02-16 0:00,18330
2012-02-17 0:00,18330
2012-02-20 0:00,18330
2012-02-21 0:00,18980
2012-02-22 0:00,19136
2012-02-23 0:00,19136
2012-02-24 0:00,19500
2012-02-27 0:00,20150
2012-02-28 0:00,20800
2012-02-29 0:00,21060
2012-03-02 0:00,21060
2012-03-05 0:00,21580
2012-03-06 0:00,21580
2012-03-07 0:00,22100
2012-03-08 0:00,22100
2012-03-09 0:00,22100
2012-03-12 0:00,22100
2012-03-13 0:00,23660
2012-03-14 0:00,23920
2012-03-15 0:00,23920
2012-03-16 0:00,23920
2012-03-19 0:00,24180
2012-03-20 0:00,24180
2012-03-21 0:00,24180
2012-03-22 0:00,24180
2012-03-23 0:00,24180
2012-03-26 0:00,24180
2012-03-27 0:00,24440
2012-03-28 0:00,24570
2012-03-29 0:00,24570
2012-03-30 0:00,24570
2012-04-02 0:00,24570
2012-04-03 0:00,24570
2012-04-04 0:00,24570
2012-04-05 0:00,24570
2012-04-06 0:00,24570
2012-04-09 0:00,24570
2012-04-10 0:00,24570
2012-04-12 0:00,24570
2012-04-13 0:00,24570
2012-04-16 0:00,24570
2012-04-17 0:00,24310
2012-04-18 0:00,24310
2012-04-19 0:00,24310
2012-04-20 0:00,24310
2012-04-23 0:00,24310
2012-04-24 0:00,24310
2012-04-25 0:00,24310
2012-04-26 0:00,24310
2012-04-27 0:00,24310
2012-04-30 0:00,24310
2012-05-02 0:00,24310
2012-05-03 0:00,24180
2012-05-04 0:00,24180
2012-05-07 0:00,24180
2012-05-08 0:00,24180
2012-05-09 0:00,24180
2012-05-10 0:00,24180
2012-05-11 0:00,24180
2012-05-14 0:00,24180
2012-05-15 0:00,24180
2012-05-16 0:00,24180
2012-05-17 0:00,24180
2012-05-18 0:00,24180
2012-05-21 0:00,24180
2012-05-22 0:00,24180
2012-05-23 0:00,24180
2012-05-24 0:00,24180
2012-05-25 0:00,24180
2012-05-29 0:00,24180
2012-05-30 0:00,23790
2012-05-31 0:00,23790
2012-06-01 0:00,23790
2012-06-04 0:00,23270
2012-06-05 0:00,23010
2012-06-07 0:00,23010
2012-06-08 0:00,23010
2012-06-11 0:00,22490
2012-06-12 0:00,22490
2012-06-13 0:00,22490
2012-06-14 0:00,22490
2012-06-15 0:00,22490
2012-06-18 0:00,22230
2012-06-19 0:00,22230
2012-06-20 0:00,21060
2012-06-21 0:00,21060
2012-06-22 0:00,21060
2012-06-25 0:00,21060
2012-06-26 0:00,21060
2012-06-27 0:00,21060
2012-06-28 0:00,21060
2012-06-29 0:00,21060
2012-07-02 0:00,20670
2012-07-03 0:00,20670
2012-07-04 0:00,20410
2012-07-05 0:00,20410
2012-07-06 0:00,20410
2012-07-09 0:00,20020
2012-07-10 0:00,19760
2012-07-11 0:00,19760
2012-07-12 0:00,19760
2012-07-13 0:00,19760
2012-07-16 0:00,18980
2012-07-17 0:00,18980
2012-07-18 0:00,18980
2012-07-19 0:00,18980
2012-07-20 0:00,18980
2012-07-23 0:00,18980
2012-07-24 0:00,18980
2012-07-25 0:00,18980
2012-07-26 0:00,18720
2012-07-27 0:00,18720
2012-07-30 0:00,18720
2012-07-31 0:00,18720
2012-08-01 0:00,18720
2012-08-02 0:00,18460
2012-08-03 0:00,18460
2012-08-06 0:00,18460
2012-08-07 0:00,18460
2012-08-08 0:00,18460
2012-08-09 0:00,18460
2012-08-10 0:00,18460
2012-08-13 0:00,18460
2012-08-14 0:00,18460
2012-08-16 0:00,18460
2012-08-17 0:00,18460
2012-08-20 0:00,18460
2012-08-21 0:00,18460
2012-08-22 0:00,18460
2012-08-23 0:00,18980
2012-08-24 0:00,18980
2012-08-27 0:00,18980
2012-08-28 0:00,18980
2012-08-29 0:00,18980
2012-08-30 0:00,18980
2012-08-31 0:00,18980
2012-09-03 0:00,18980
2012-09-04 0:00,18980
2012-09-05 0:00,18980
2012-09-06 0:00,18980
2012-09-07 0:00,18980
2012-09-10 0:00,18980
2012-09-11 0:00,19240
2012-09-12 0:00,19240
2012-09-13 0:00,19630
2012-09-14 0:00,19630
2012-09-17 0:00,19630
2012-09-18 0:00,19630
2012-09-19 0:00,19630
2012-09-20 0:00,19630
2012-09-21 0:00,19630
2012-09-24 0:00,19630
2012-09-25 0:00,19630
2012-09-26 0:00,19630
2012-09-27 0:00,19734
2012-09-28 0:00,19734
2012-10-02 0:00,19734
2012-10-04 0:00,19734
2012-10-05 0:00,19734
2012-10-08 0:00,19734
2012-10-09 0:00,19734
2012-10-10 0:00,19734
2012-10-11 0:00,19734
2012-10-12 0:00,19734
2012-10-15 0:00,19734
2012-10-16 0:00,19734
2012-10-17 0:00,19734
2012-10-18 0:00,19734
2012-10-19 0:00,19734
2012-10-22 0:00,19734
2012-10-23 0:00,19110
2012-10-24 0:00,19110
2012-10-25 0:00,19110
2012-10-26 0:00,19110
2012-10-29 0:00,19110
2012-10-30 0:00,18850
2012-10-31 0:00,18330
2012-11-01 0:00,17940
2012-11-02 0:00,17940
2012-11-05 0:00,17680
2012-11-06 0:00,17680
2012-11-07 0:00,17680
2012-11-08 0:00,17680
2012-11-09 0:00,17680
2012-11-12 0:00,15600
2012-11-13 0:00,15600
2012-11-14 0:00,15600
2012-11-15 0:00,15340
2012-11-16 0:00,15340
2012-11-19 0:00,15080
2012-11-20 0:00,15080
2012-11-21 0:00,15080
2012-11-22 0:00,15080
2012-11-23 0:00,15080
2012-11-26 0:00,13780
2012-11-27 0:00,13780
2012-11-28 0:00,13780
2012-11-29 0:00,13780
2012-11-30 0:00,13520
2012-12-03 0:00,13520
2012-12-04 0:00,13520
2012-12-05 0:00,13520
2012-12-06 0:00,13520
2012-12-07 0:00,13520
2012-12-10 0:00,13520
2012-12-11 0:00,13520
2012-12-12 0:00,13520
2012-12-13 0:00,13780
2012-12-14 0:00,13780
2012-12-17 0:00,15730
2012-12-18 0:00,17160
2012-12-20 0:00,18460
2012-12-21 0:00,18460
2012-12-24 0:00,18720
2012-12-26 0:00,18720
2012-12-27 0:00,18720
2012-12-28 0:00,18720
2012-12-31 0:00,18720
2013-01-02 0:00,18720
2013-01-03 0:00,18980
2013-01-04 0:00,18980
2013-01-07 0:00,18980
2013-01-08 0:00,18980
2013-01-09 0:00,18980
2013-01-10 0:00,18980
2013-01-11 0:00,18980
2013-01-14 0:00,19240
2013-01-15 0:00,19240
2013-01-16 0:00,19240
2013-01-17 0:00,19240
2013-01-18 0:00,19240
2013-01-21 0:00,19240
2013-01-22 0:00,19240
2013-01-23 0:00,19240
2013-01-24 0:00,19240
2013-01-25 0:00,19240
2013-01-28 0:00,20020
2013-01-29 0:00,20020
2013-01-30 0:00,20280
2013-01-31 0:00,20280
2013-02-01 0:00,21580
2013-02-04 0:00,22360
2013-02-05 0:00,23140
2013-02-06 0:00,23920
2013-02-07 0:00,23920
2013-02-08 0:00,23920
2013-02-12 0:00,23920
2013-02-13 0:00,23920
2013-02-14 0:00,23920
2013-02-15 0:00,23920
2013-02-18 0:00,23920
2013-02-19 0:00,23400
2013-02-20 0:00,23400
2013-02-21 0:00,23400
2013-02-22 0:00,23400
2013-02-25 0:00,23400
2013-02-26 0:00,23660
2013-02-27 0:00,24440
2013-02-28 0:00,24440
2013-03-04 0:00,24440
2013-03-05 0:00,24440
2013-03-06 0:00,24960
2013-03-07 0:00,25480
2013-03-08 0:00,26260
2013-03-11 0:00,27300
2013-03-12 0:00,28080
2013-03-13 0:00,28600
2013-03-14 0:00,28600
2013-03-15 0:00,28600
2013-03-18 0:00,29120
2013-03-19 0:00,29120
2013-03-20 0:00,30160
2013-03-21 0:00,30160
2013-03-22 0:00,30420
2013-03-25 0:00,30940
2013-03-26 0:00,30940
2013-03-27 0:00,30940
2013-03-28 0:00,30940
2013-03-29 0:00,30940
2013-04-01 0:00,30940
2013-04-02 0:00,30940
2013-04-03 0:00,30940
2013-04-04 0:00,30940
2013-04-05 0:00,30940
2013-04-08 0:00,30940
2013-04-09 0:00,30940
2013-04-10 0:00,30940
2013-04-11 0:00,30940
2013-04-12 0:00,31720
2013-04-15 0:00,31980
2013-04-16 0:00,31980
2013-04-17 0:00,31980
2013-04-18 0:00,31980
2013-04-19 0:00,32240
2013-04-22 0:00,32240
2013-04-23 0:00,32240
2013-04-24 0:00,33020
2013-04-25 0:00,33020
2013-04-26 0:00,33020
2013-04-29 0:00,33020
2013-04-30 0:00,32760
2013-05-02 0:00,32760
2013-05-03 0:00,32760
2013-05-06 0:00,33020
2013-05-07 0:00,33280
2013-05-08 0:00,33280
2013-05-09 0:00,33280
2013-05-10 0:00,33280
2013-05-13 0:00,33280
2013-05-14 0:00,33280
2013-05-15 0:00,33280
2013-05-16 0:00,33280
2013-05-20 0:00,33280
2013-05-21 0:00,33280
2013-05-22 0:00,33280
2013-05-23 0:00,33280
2013-05-24 0:00,33280
2013-05-27 0:00,33280
2013-05-28 0:00,31200
2013-05-29 0:00,30940
2013-05-30 0:00,30940
2013-05-31 0:00,30940
2013-06-03 0:00,30940
2013-06-04 0:00,30940
2013-06-05 0:00,30680
2013-06-07 0:00,30680
2013-06-10 0:00,30680
2013-06-11 0:00,30420
2013-06-12 0:00,30420
2013-06-13 0:00,30420
2013-06-14 0:00,30420
2013-06-17 0:00,30420
2013-06-18 0:00,30420
2013-06-19 0:00,30420
2013-06-20 0:00,30420
2013-06-21 0:00,30420
2013-06-24 0:00,30420
2013-06-25 0:00,30420
2013-06-26 0:00,30420
2013-06-27 0:00,30420
2013-06-28 0:00,30420
2013-07-01 0:00,29380
2013-07-02 0:00,28730
2013-07-03 0:00,28730
2013-07-04 0:00,28210
2013-07-05 0:00,28210
2013-07-08 0:00,28210
2013-07-09 0:00,28210
2013-07-10 0:00,28210
2013-07-11 0:00,28210
2013-07-12 0:00,28210
2013-07-15 0:00,28210
2013-07-16 0:00,28210
2013-07-17 0:00,28210
2013-07-18 0:00,27690
2013-07-19 0:00,26780
2013-07-22 0:00,26780
2013-07-23 0:00,26780
2013-07-24 0:00,26780
2013-07-25 0:00,26780
2013-07-26 0:00,26780
2013-07-29 0:00,26780
2013-07-30 0:00,26780
2013-07-31 0:00,24440
2013-08-01 0:00,23660
2013-08-02 0:00,23660
2013-08-05 0:00,23400
2013-08-06 0:00,23140
2013-08-07 0:00,23140
2013-08-08 0:00,23140
2013-08-09 0:00,23140
2013-08-12 0:00,23140
2013-08-13 0:00,22880
2013-08-14 0:00,22620
2013-08-16 0:00,22620
2013-08-19 0:00,22620
2013-08-20 0:00,22620
2013-08-21 0:00,22620
2013-08-22 0:00,22620
2013-08-23 0:00,22100
2013-08-26 0:00,22100
2013-08-27 0:00,22100
2013-08-28 0:00,22100
2013-08-29 0:00,22100
2013-08-30 0:00,22100
2013-09-02 0:00,22100
2013-09-03 0:00,22100
2013-09-04 0:00,22100
2013-09-05 0:00,22100
2013-09-06 0:00,22100
2013-09-09 0:00,22100
2013-09-10 0:00,22100
2013-09-11 0:00,22100
2013-09-12 0:00,22100
2013-09-13 0:00,22100
2013-09-16 0:00,22100
2013-09-17 0:00,22360
2013-09-23 0:00,22360
2013-09-24 0:00,22620
2013-09-25 0:00,22620
2013-09-26 0:00,22620
2013-09-27 0:00,22620
2013-09-30 0:00,22620
2013-10-01 0:00,22620
2013-10-02 0:00,22620
2013-10-04 0:00,23400
2013-10-07 0:00,23400
2013-10-08 0:00,23920
2013-10-10 0:00,23920
2013-10-11 0:00,24180
2013-10-14 0:00,24180
2013-10-15 0:00,24180
2013-10-16 0:00,24180
2013-10-17 0:00,24180
2013-10-18 0:00,24180
2013-10-21 0:00,24180
2013-10-22 0:00,24180
2013-10-23 0:00,24180
2013-10-24 0:00,24180
2013-10-25 0:00,24180
2013-10-28 0:00,24180
2013-10-29 0:00,24180
2013-10-30 0:00,24180
2013-10-31 0:00,24180
2013-11-01 0:00,23920
2013-11-04 0:00,23920
2013-11-05 0:00,23400
2013-11-06 0:00,23400
2013-11-07 0:00,23400
2013-11-08 0:00,23140
2013-11-11 0:00,23140
2013-11-12 0:00,23140
2013-11-13 0:00,23140
2013-11-14 0:00,23140
2013-11-15 0:00,23140
2013-11-18 0:00,23140
2013-11-19 0:00,22880
2013-11-20 0:00,22100
2013-11-21 0:00,22100
2013-11-22 0:00,22100
2013-11-25 0:00,21580
2013-11-26 0:00,20800
2013-11-27 0:00,20280
2013-11-28 0:00,20280
2013-11-29 0:00,20280
2013-12-02 0:00,20280
2013-12-03 0:00,19500
2013-12-04 0:00,19500
2013-12-05 0:00,19500
2013-12-06 0:00,18980
2013-12-09 0:00,18980
2013-12-10 0:00,18980
2013-12-11 0:00,18720
2013-12-12 0:00,18720
2013-12-13 0:00,18720
2013-12-16 0:00,18720
2013-12-17 0:00,18720
2013-12-18 0:00,18720
2013-12-19 0:00,18460
2013-12-20 0:00,18460
2013-12-23 0:00,18460
2013-12-24 0:00,18460
2013-12-26 0:00,18460
2013-12-27 0:00,18460
2013-12-30 0:00,18460
2013-12-31 0:00,18460
2014-01-02 0:00,18460
2014-01-03 0:00,18460
2014-01-06 0:00,18460
2014-01-07 0:00,19240
2014-01-08 0:00,19240
2014-01-09 0:00,19240
2014-01-10 0:00,19240
2014-01-13 0:00,21320
2014-01-14 0:00,21320
2014-01-15 0:00,21320
2014-01-16 0:00,21320
2014-01-17 0:00,21320
2014-01-20 0:00,21320
2014-01-21 0:00,21320
2014-01-22 0:00,21320
2014-01-23 0:00,21320
2014-01-24 0:00,22100
2014-01-27 0:00,22100
2014-01-28 0:00,22100
2014-01-29 0:00,22100
2014-02-03 0:00,22100
2014-02-04 0:00,22100
2014-02-05 0:00,22100
2014-02-06 0:00,22100
2014-02-07 0:00,22100
2014-02-10 0:00,22620
2014-02-11 0:00,22620
2014-02-12 0:00,22620
2014-02-13 0:00,23400
2014-02-14 0:00,23660
2014-02-17 0:00,23660
2014-02-18 0:00,23660
2014-02-19 0:00,23920
2014-02-20 0:00,23920
2014-02-21 0:00,23920
2014-02-24 0:00,24960
2014-02-25 0:00,25220
2014-02-26 0:00,25220
2014-02-27 0:00,25220
2014-02-28 0:00,25220
2014-03-03 0:00,25480
2014-03-04 0:00,25480
2014-03-05 0:00,25480
2014-03-06 0:00,25740
2014-03-07 0:00,25740
2014-03-10 0:00,25740
2014-03-11 0:00,26520
2014-03-12 0:00,26520
2014-03-13 0:00,26520
2014-03-14 0:00,26520
2014-03-17 0:00,27040
2014-03-18 0:00,27560
2014-03-19 0:00,27560
2014-03-20 0:00,27560
2014-03-21 0:00,27560
2014-03-24 0:00,28340
2014-03-25 0:00,28340
2014-03-26 0:00,28340
2014-03-27 0:00,28340
2014-03-28 0:00,28340
2014-03-31 0:00,28600
2014-04-01 0:00,28600
2014-04-02 0:00,28600
2014-04-03 0:00,28600
2014-04-04 0:00,28600
2014-04-07 0:00,28600
2014-04-08 0:00,28600
2014-04-09 0:00,28600
2014-04-10 0:00,28600
2014-04-11 0:00,29640
2014-04-14 0:00,29640
2014-04-15 0:00,29640
2014-04-16 0:00,29640
2014-04-17 0:00,29640
2014-04-18 0:00,29640
2014-04-21 0:00,29640
2014-04-22 0:00,29640
2014-04-23 0:00,29640
2014-04-24 0:00,29640
2014-04-25 0:00,29640
2014-04-28 0:00,29640
2014-04-29 0:00,29640
2014-04-30 0:00,29640
2014-05-02 0:00,29640
2014-05-07 0:00,29640
2014-05-08 0:00,29900
2014-05-09 0:00,29640
2014-05-12 0:00,29640
2014-05-13 0:00,29640
2014-05-14 0:00,29640
2014-05-15 0:00,29640
2014-05-16 0:00,29640
2014-05-19 0:00,29640
2014-05-20 0:00,29640
2014-05-21 0:00,29640
2014-05-22 0:00,29640
2014-05-23 0:00,29640
2014-05-26 0:00,29640
2014-05-27 0:00,29900
2014-05-28 0:00,29900
2014-05-29 0:00,29900
2014-05-30 0:00,29900
2014-06-02 0:00,30160
2014-06-03 0:00,30160
2014-06-05 0:00,30160
2014-06-09 0:00,30160
2014-06-10 0:00,28860
2014-06-11 0:00,28860
2014-06-12 0:00,28860
2014-06-13 0:00,28860
2014-06-16 0:00,28860
2014-06-17 0:00,28860
2014-06-18 0:00,28860
2014-06-19 0:00,28860
2014-06-20 0:00,28860
2014-06-23 0:00,28860
2014-06-24 0:00,28860
2014-06-25 0:00,28860
2014-06-26 0:00,28860
2014-06-27 0:00,28860
2014-06-30 0:00,29120
2014-07-01 0:00,29120
2014-07-02 0:00,29120
2014-07-03 0:00,28080
2014-07-04 0:00,28080
2014-07-07 0:00,28080
2014-07-08 0:00,28080
2014-07-09 0:00,28080
2014-07-10 0:00,28080
2014-07-11 0:00,27300
2014-07-14 0:00,27300
2014-07-15 0:00,27300
2014-07-16 0:00,27300
2014-07-17 0:00,27300
2014-07-18 0:00,26520
2014-07-21 0:00,26520
2014-07-22 0:00,26520
2014-07-23 0:00,26520
2014-07-24 0:00,26520
2014-07-25 0:00,26520
2014-07-28 0:00,26520
2014-07-29 0:00,25740
2014-07-30 0:00,25740
2014-07-31 0:00,25740
2014-08-04 0:00,25480
2014-08-05 0:00,25480
2014-08-06 0:00,25480
2014-08-07 0:00,25480
2014-08-08 0:00,25480
2014-08-11 0:00,25480
2014-08-12 0:00,25480
2014-08-13 0:00,25480
2014-08-14 0:00,25480
2014-08-18 0:00,25480
2014-08-19 0:00,25480
2014-08-20 0:00,25480
2014-08-21 0:00,25480
2014-08-22 0:00,25480
2014-08-25 0:00,25480
2014-08-26 0:00,26000
2014-08-27 0:00,26000
2014-08-28 0:00,26000
2014-08-29 0:00,26000
2014-09-01 0:00,26000
2014-09-02 0:00,26000
2014-09-03 0:00,26000
2014-09-04 0:00,26000
2014-09-05 0:00,26000
2014-09-11 0:00,26000
2014-09-12 0:00,26520
2014-09-15 0:00,27040
2014-09-17 0:00,27040
2014-09-18 0:00,27040
2014-09-19 0:00,27300
2014-09-22 0:00,27300
2014-09-23 0:00,27300
2014-09-24 0:00,27300
2014-09-25 0:00,27300
2014-09-26 0:00,27300
2014-09-29 0:00,27300
2014-09-30 0:00,27300
2014-10-01 0:00,27300
2014-10-02 0:00,27300
2014-10-06 0:00,27300
2014-10-07 0:00,27300
2014-10-08 0:00,27300
2014-10-10 0:00,27300
2014-10-13 0:00,27300
2014-10-14 0:00,27040
2014-10-15 0:00,27040
2014-10-16 0:00,27040
2014-10-17 0:00,27040
2014-10-20 0:00,27300
2014-10-21 0:00,27300
2014-10-22 0:00,27300
2014-10-23 0:00,27040
2014-10-24 0:00,27040
2014-10-27 0:00,27040
2014-10-28 0:00,26520
2014-10-29 0:00,26520
2014-10-30 0:00,26520
2014-10-31 0:00,26520
2014-11-03 0:00,26000
2014-11-04 0:00,25740
2014-11-05 0:00,25740
2014-11-06 0:00,25740
2014-11-07 0:00,25740
2014-11-10 0:00,25740
2014-11-11 0:00,25220
2014-11-12 0:00,25220
2014-11-13 0:00,25220
2014-11-14 0:00,25220
2014-11-17 0:00,25220
2014-11-18 0:00,25220
2014-11-19 0:00,25220
2014-11-20 0:00,25220
2014-11-21 0:00,25220
2014-11-24 0:00,25220
2014-11-25 0:00,23660
2014-11-26 0:00,23140
2014-11-27 0:00,23140
2014-11-28 0:00,23140
2014-12-02 0:00,23140
2014-12-03 0:00,23140
2014-12-04 0:00,23140
2014-12-05 0:00,23140
2014-12-08 0:00,23140
2014-12-09 0:00,23140
2014-12-10 0:00,23140
2014-12-11 0:00,23140
2014-12-12 0:00,23140
2014-12-15 0:00,23140
2014-12-16 0:00,23140
2014-12-17 0:00,23140
2014-12-18 0:00,23140
2014-12-19 0:00,23140
2014-12-22 0:00,23140
2014-12-23 0:00,23140
2014-12-24 0:00,23140
2014-12-26 0:00,23140
2014-12-29 0:00,23140
2014-12-30 0:00,23140
2014-12-31 0:00,23140
2015-01-02 0:00,23140
2015-01-05 0:00,23140
2015-01-06 0:00,23140
2015-01-07 0:00,23140
2015-01-08 0:00,23140
2015-01-09 0:00,23140
2015-01-12 0:00,23400
2015-01-13 0:00,23400
2015-01-14 0:00,23530
2015-01-15 0:00,23530
2015-01-16 0:00,23530
2015-01-19 0:00,23530
2015-01-20 0:00,23660
2015-01-21 0:00,23660
2015-01-22 0:00,23660
2015-01-23 0:00,23660
2015-01-26 0:00,23660
2015-01-27 0:00,23660
2015-01-28 0:00,23660
2015-01-29 0:00,23660
2015-01-30 0:00,23660
2015-02-02 0:00,23660
2015-02-03 0:00,23660
2015-02-04 0:00,25220
2015-02-05 0:00,25220
2015-02-06 0:00,25220
2015-02-09 0:00,25740
2015-02-10 0:00,26780
2015-02-11 0:00,26780
2015-02-12 0:00,26780
2015-02-13 0:00,26780
2015-02-16 0:00,26780
2015-02-17 0:00,26780
2015-02-23 0:00,26780
2015-02-24 0:00,26780
2015-02-25 0:00,26910
2015-02-26 0:00,26910
2015-02-27 0:00,27170
2015-03-02 0:00,27170
2015-03-03 0:00,27170
2015-03-04 0:00,27170
2015-03-05 0:00,27170
2015-03-06 0:00,27170
2015-03-09 0:00,27170
2015-03-10 0:00,27170
2015-03-11 0:00,27170
2015-03-12 0:00,27170
2015-03-13 0:00,27430
2015-03-16 0:00,27430
2015-03-17 0:00,27430
2015-03-18 0:00,27430
2015-03-19 0:00,27430
2015-03-20 0:00,27170
2015-03-23 0:00,26910
2015-03-24 0:00,26910
2015-03-25 0:00,26910
2015-03-26 0:00,26910
2015-03-27 0:00,26910
2015-03-30 0:00,26910
2015-03-31 0:00,26910
2015-04-01 0:00,26910
2015-04-02 0:00,26910
2015-04-03 0:00,26910
2015-04-06 0:00,26910
2015-04-07 0:00,26910
2015-04-08 0:00,26910
2015-04-09 0:00,26910
2015-04-10 0:00,26910
2015-04-13 0:00,27430
2015-04-14 0:00,27430
2015-04-15 0:00,27430
2015-04-16 0:00,27430
2015-04-17 0:00,27690
2015-04-20 0:00,27690
2015-04-21 0:00,27690
2015-04-22 0:00,27690
2015-04-23 0:00,27690
2015-04-24 0:00,27690
2015-04-27 0:00,27690
2015-04-28 0:00,28210
2015-04-29 0:00,28210
2015-04-30 0:00,28470
2015-05-04 0:00,28470
2015-05-06 0:00,28990
2015-05-07 0:00,28990
2015-05-08 0:00,28990
2015-05-11 0:00,28990
2015-05-12 0:00,28990
2015-05-13 0:00,28990
2015-05-14 0:00,28990
2015-05-15 0:00,28990
2015-05-18 0:00,28990
2015-05-19 0:00,28990
2015-05-20 0:00,28990
2015-05-21 0:00,28990
2015-05-22 0:00,28990
2015-05-26 0:00,29250
2015-05-27 0:00,29250
2015-05-28 0:00,28990
2015-05-29 0:00,28990
2015-06-01 0:00,28990
2015-06-02 0:00,28990
2015-06-03 0:00,28990
2015-06-04 0:00,28990
2015-06-05 0:00,28990
2015-06-08 0:00,28990
2015-06-09 0:00,28990
2015-06-10 0:00,28990
2015-06-11 0:00,28990
2015-06-12 0:00,28990
2015-06-15 0:00,28990
2015-06-16 0:00,29250
2015-06-17 0:00,29250
2015-06-18 0:00,29250
2015-06-19 0:00,29250
2015-06-22 0:00,29250
2015-06-23 0:00,29250
2015-06-24 0:00,29250
2015-06-25 0:00,29250
2015-06-26 0:00,29250
2015-06-29 0:00,29250
2015-06-30 0:00,29250
2015-07-01 0:00,29250
2015-07-02 0:00,29250
2015-07-03 0:00,29250
2015-07-06 0:00,29250
2015-07-07 0:00,29250
2015-07-08 0:00,29250
2015-07-09 0:00,29250
2015-07-10 0:00,29250
2015-07-13 0:00,29250
2015-07-14 0:00,29250
2015-07-15 0:00,29250
2015-07-16 0:00,29250
2015-07-17 0:00,29250
2015-07-20 0:00,28990
2015-07-21 0:00,28990
2015-07-22 0:00,28990
2015-07-23 0:00,28990
2015-07-24 0:00,28990
2015-07-27 0:00,29000
2015-07-28 0:00,29000
2015-07-29 0:00,29000
2015-07-30 0:00,29000
2015-07-31 0:00,29000
2015-08-03 0:00,29000
2015-08-04 0:00,29000
2015-08-05 0:00,28800
2015-08-06 0:00,28800
2015-08-07 0:00,28800
2015-08-10 0:00,28800
2015-08-11 0:00,28800
2015-08-12 0:00,28800
2015-08-13 0:00,28800
2015-08-17 0:00,28800
2015-08-18 0:00,28800
2015-08-19 0:00,28800
2015-08-20 0:00,28800
2015-08-21 0:00,28800
2015-08-24 0:00,28800
2015-08-25 0:00,28800
2015-08-26 0:00,28800
2015-08-27 0:00,28800
2015-08-28 0:00,28800
2015-08-31 0:00,28800
2015-09-01 0:00,28800
2015-09-02 0:00,29200
2015-09-03 0:00,29200
2015-09-04 0:00,29200
2015-09-07 0:00,29200
2015-09-08 0:00,29200
2015-09-09 0:00,29200
2015-09-10 0:00,29200
2015-09-11 0:00,29200
2015-09-14 0:00,29200
2015-09-15 0:00,28800
2015-09-16 0:00,28800
2015-09-17 0:00,28800
2015-09-18 0:00,28800
2015-09-21 0:00,28800
2015-09-22 0:00,28800
2015-09-23 0:00,28800
2015-09-24 0:00,28800
2015-09-25 0:00,28800
2015-09-30 0:00,28800
2015-10-01 0:00,28800
2015-10-02 0:00,28800
2015-10-05 0:00,28600
2015-10-06 0:00,28600
2015-10-07 0:00,28600
2015-10-08 0:00,28600
2015-10-12 0:00,28200
2015-10-13 0:00,28200
2015-10-14 0:00,28200
2015-10-15 0:00,28200
2015-10-16 0:00,28200
2015-10-19 0:00,27200
2015-10-20 0:00,26800
2015-10-21 0:00,26600
2015-10-22 0:00,26600
2015-10-23 0:00,26600
2015-10-26 0:00,26600
2015-10-27 0:00,25400
2015-10-28 0:00,25400
2015-10-29 0:00,25400
2015-10-30 0:00,25400
2015-11-02 0:00,25400
2015-11-03 0:00,24200
2015-11-04 0:00,24000
2015-11-05 0:00,24000
2015-11-06 0:00,22400
2015-11-09 0:00,22000
2015-11-10 0:00,22000
2015-11-11 0:00,22000
2015-11-12 0:00,22000
2015-11-13 0:00,22000
2015-11-16 0:00,22000
2015-11-17 0:00,22000
2015-11-18 0:00,22000
2015-11-19 0:00,22000
2015-11-20 0:00,21200
2015-11-23 0:00,21200
2015-11-24 0:00,21200
2015-11-25 0:00,21200
2015-11-26 0:00,21200
2015-11-27 0:00,21200
2015-11-30 0:00,21200
2015-12-01 0:00,21200
2015-12-02 0:00,20800
2015-12-03 0:00,20800
2015-12-07 0:00,20800
2015-12-08 0:00,20800
2015-12-09 0:00,20800
2015-12-10 0:00,20800
2015-12-11 0:00,20800
2015-12-14 0:00,20800
2015-12-15 0:00,20800
2015-12-16 0:00,20800
2015-12-17 0:00,20800
2015-12-18 0:00,20800
2015-12-21 0:00,20800
2015-12-22 0:00,20800
2015-12-23 0:00,20800
2015-12-24 0:00,20800
2015-12-28 0:00,20800
2015-12-29 0:00,20800
2015-12-30 0:00,20800
2015-12-31 0:00,20800
2016-01-04 0:00,20800
2016-01-05 0:00,21800
2016-01-06 0:00,22600
2016-01-07 0:00,22600
2016-01-08 0:00,22600
2016-01-11 0:00,22800
2016-01-12 0:00,22800
2016-01-13 0:00,22800
2016-01-14 0:00,23200
2016-01-15 0:00,23200
2016-01-18 0:00,23200
2016-01-19 0:00,23200
2016-01-20 0:00,23200
2016-01-21 0:00,23200
2016-01-22 0:00,23200
2016-01-25 0:00,23600
2016-01-26 0:00,23600
2016-01-27 0:00,23600
2016-01-28 0:00,23600
2016-01-29 0:00,24400
2016-02-01 0:00,24400
2016-02-02 0:00,24400
2016-02-03 0:00,24400
2016-02-04 0:00,24400
2016-02-05 0:00,24400
2016-02-11 0:00,24400
2016-02-12 0:00,24400
2016-02-15 0:00,24400
2016-02-16 0:00,24400
2016-02-17 0:00,24600
2016-02-18 0:00,24800
2016-02-19 0:00,25000
2016-02-22 0:00,26000
2016-02-23 0:00,26000
2016-02-24 0:00,26000
2016-02-25 0:00,26000
2016-02-26 0:00,26000
2016-02-29 0:00,26000
2016-03-02 0:00,28200
2016-03-03 0:00,28800
2016-03-04 0:00,28800
2016-03-07 0:00,28800
2016-03-08 0:00,29200
2016-03-09 0:00,29200
2016-03-10 0:00,29200
2016-03-11 0:00,29400
2016-03-14 0:00,29800
2016-03-15 0:00,29800
2016-03-16 0:00,29800
2016-03-17 0:00,29800
2016-03-18 0:00,29800
2016-03-21 0:00,29800
2016-03-22 0:00,29800
2016-03-23 0:00,29800
2016-03-24 0:00,29800
2016-03-25 0:00,30800
2016-03-28 0:00,30800
2016-03-29 0:00,30800
2016-03-30 0:00,30800
2016-03-31 0:00,30800
2016-04-01 0:00,30800
2016-04-04 0:00,30800
2016-04-05 0:00,30800
2016-04-06 0:00,30800
2016-04-07 0:00,30800
2016-04-08 0:00,30800
2016-04-11 0:00,30800
2016-04-12 0:00,30800
2016-04-14 0:00,30800
2016-04-15 0:00,30800
2016-04-18 0:00,30800
2016-04-19 0:00,30800
2016-04-20 0:00,30800
2016-04-21 0:00,31200
2016-04-22 0:00,31200
2016-04-25 0:00,31200
2016-04-26 0:00,31200
2016-04-27 0:00,31200
2016-04-28 0:00,31200
2016-04-29 0:00,31200
2016-05-02 0:00,31200
2016-05-03 0:00,31200
2016-05-04 0:00,31200
2016-05-09 0:00,31200
2016-05-10 0:00,31200
2016-05-11 0:00,31200
2016-05-12 0:00,31200
2016-05-13 0:00,31200
2016-05-16 0:00,31600
2016-05-17 0:00,31600
2016-05-18 0:00,31600
2016-05-19 0:00,31600
2016-05-20 0:00,31600
2016-05-23 0:00,31600
2016-05-24 0:00,31600
2016-05-25 0:00,31600
2016-05-26 0:00,31600
2016-05-27 0:00,31600
2016-05-30 0:00,31600
2016-05-31 0:00,31600
2016-06-01 0:00,31600
2016-06-02 0:00,31600
2016-06-03 0:00,31600
2016-06-07 0:00,31600
2016-06-08 0:00,31600
2016-06-09 0:00,31600
2016-06-10 0:00,31600
2016-06-13 0:00,31600
2016-06-14 0:00,31600
2016-06-15 0:00,31600
2016-06-16 0:00,31600
2016-06-17 0:00,31600
2016-06-20 0:00,31600
2016-06-21 0:00,31600
2016-06-22 0:00,31600
2016-06-23 0:00,31600
2016-06-24 0:00,31600
2016-06-27 0:00,31600
2016-06-28 0:00,31600
2016-06-29 0:00,31600
2016-06-30 0:00,31600
2016-07-01 0:00,31600
2016-07-04 0:00,31600
2016-07-05 0:00,31600
2016-07-06 0:00,31600
2016-07-07 0:00,31600
2016-07-08 0:00,31600
2016-07-11 0:00,31600
2016-07-12 0:00,31600
2016-07-13 0:00,31600
2016-07-14 0:00,31600
2016-07-15 0:00,31600
2016-07-18 0:00,31800
2016-07-19 0:00,31800
2016-07-20 0:00,31800
2016-07-21 0:00,31800
2016-07-22 0:00,31800
2016-07-25 0:00,31800
2016-07-26 0:00,31800
2016-07-27 0:00,31800
2016-07-28 0:00,31800
2016-07-29 0:00,31800
2016-08-01 0:00,31800
2016-08-02 0:00,31800
2016-08-03 0:00,31800
2016-08-04 0:00,31800
2016-08-05 0:00,31800
2016-08-08 0:00,31800
2016-08-09 0:00,31800
2016-08-10 0:00,31800
2016-08-11 0:00,32000
2016-08-12 0:00,32000
2016-08-16 0:00,32000
2016-08-17 0:00,32000
2016-08-18 0:00,32000
2016-08-19 0:00,32000
2016-08-22 0:00,32000
2016-08-23 0:00,32000
2016-08-24 0:00,32000
2016-08-25 0:00,32000
2016-08-26 0:00,32000
2016-08-29 0:00,32000
2016-08-30 0:00,32000
2016-08-31 0:00,32000
2016-09-01 0:00,32000
2016-09-02 0:00,32000
2016-09-05 0:00,32000
2016-09-06 0:00,32000
2016-09-07 0:00,32000
2016-09-08 0:00,32000
2016-09-09 0:00,32400
2016-09-12 0:00,32400
2016-09-13 0:00,32400
2016-09-19 0:00,32400
2016-09-20 0:00,32400
2016-09-21 0:00,32400
2016-09-22 0:00,32400
2016-09-23 0:00,32400
2016-09-26 0:00,32400
2016-09-27 0:00,32400
2016-09-28 0:00,32400
2016-09-29 0:00,33600
2016-09-30 0:00,34600
2016-10-04 0:00,34600
2016-10-05 0:00,34600
2016-10-06 0:00,34600
2016-10-07 0:00,34600
2016-10-10 0:00,34600
2016-10-11 0:00,33600
2016-10-12 0:00,33600
2016-10-13 0:00,32600
2016-10-14 0:00,32600
2016-10-17 0:00,32400
2016-10-18 0:00,32400
2016-10-19 0:00,32400
2016-10-20 0:00,32400
2016-10-21 0:00,31600
2016-10-24 0:00,31600
2016-10-25 0:00,31600
2016-10-26 0:00,31600
2016-10-27 0:00,31600
2016-10-28 0:00,31600
2016-10-31 0:00,31200
2016-11-01 0:00,29600
2016-11-02 0:00,29600
2016-11-03 0:00,29600
2016-11-04 0:00,29600
2016-11-07 0:00,29200
2016-11-08 0:00,29200
2016-11-09 0:00,29000
2016-11-10 0:00,28600
2016-11-11 0:00,28600
2016-11-14 0:00,28000
2016-11-15 0:00,28000
2016-11-16 0:00,28000
2016-11-17 0:00,28000
2016-11-18 0:00,27200
2016-11-21 0:00,26600
2016-11-22 0:00,26400
2016-11-23 0:00,26400
2016-11-24 0:00,26400
2016-11-25 0:00,25600
2016-11-28 0:00,25600
2016-11-29 0:00,25600
2016-11-30 0:00,25600
2016-12-01 0:00,25200
2016-12-05 0:00,25200
2016-12-06 0:00,25200
2016-12-07 0:00,25200
2016-12-08 0:00,25200
2016-12-09 0:00,25200
2016-12-12 0:00,25200
2016-12-13 0:00,25200
2016-12-14 0:00,25200
2016-12-15 0:00,24800
2016-12-16 0:00,24400
2016-12-19 0:00,24400
2016-12-20 0:00,24400
2016-12-21 0:00,24000
2016-12-22 0:00,24000
2016-12-23 0:00,24000
2016-12-26 0:00,23800
2016-12-27 0:00,23800
2016-12-28 0:00,23800
2016-12-29 0:00,23800
2016-12-30 0:00,24200
2017-01-02 0:00,24200
2017-01-03 0:00,24000
2017-01-04 0:00,23800
2017-01-05 0:00,23800
2017-01-06 0:00,23800
2017-01-09 0:00,23800
2017-01-10 0:00,23400
2017-01-11 0:00,23800
2017-01-12 0:00,23800
2017-01-13 0:00,23800
2017-01-16 0:00,23800
2017-01-17 0:00,24200
2017-01-18 0:00,24200
2017-01-19 0:00,24800
2017-01-20 0:00,24800
2017-01-23 0:00,24800
2017-01-24 0:00,24200
2017-01-25 0:00,24200
2017-01-26 0:00,24200
2017-01-31 0:00,24200
2017-02-01 0:00,24200
2017-02-02 0:00,24200
2017-02-03 0:00,24200
2017-02-06 0:00,24200
2017-02-07 0:00,24600
2017-02-08 0:00,25000
2017-02-09 0:00,25200
2017-02-10 0:00,25200
2017-02-13 0:00,25000
2017-02-14 0:00,25000
2017-02-15 0:00,25000
2017-02-16 0:00,25000
2017-02-17 0:00,25000
2017-02-20 0:00,25000
2017-02-21 0:00,26200
2017-02-22 0:00,26200
2017-02-23 0:00,26600
2017-02-24 0:00,27000
2017-02-27 0:00,26600
2017-02-28 0:00,26800
2017-03-02 0:00,26800
2017-03-03 0:00,27400
2017-03-06 0:00,27400
2017-03-07 0:00,27400
2017-03-08 0:00,27800
2017-03-09 0:00,27800
2017-03-10 0:00,27400
2017-03-13 0:00,27800
2017-03-14 0:00,27800
2017-03-15 0:00,27800
2017-03-16 0:00,27800
2017-03-17 0:00,27800
2017-03-20 0:00,28200
2017-03-21 0:00,28200
2017-03-22 0:00,28200
2017-03-23 0:00,28200
2017-03-24 0:00,28200
2017-03-27 0:00,27800
2017-03-28 0:00,28000
2017-03-29 0:00,28400
2017-03-30 0:00,28400
2017-03-31 0:00,28200
2017-04-03 0:00,28000
2017-04-04 0:00,28000
2017-04-05 0:00,28000
2017-04-06 0:00,28000
2017-04-07 0:00,28000
2017-04-10 0:00,28000
2017-04-11 0:00,28000
2017-04-12 0:00,28000
2017-04-13 0:00,28000
2017-04-14 0:00,28000
2017-04-17 0:00,28000
2017-04-18 0:00,27800
2017-04-19 0:00,28200
2017-04-20 0:00,28000
2017-04-21 0:00,28000
2017-04-24 0:00,28400
2017-04-25 0:00,28400
2017-04-26 0:00,28400
2017-04-27 0:00,28400
2017-04-28 0:00,28400
2017-05-02 0:00,28400
2017-05-04 0:00,28400
2017-05-08 0:00,28400
2017-05-10 0:00,28400
2017-05-11 0:00,28000
2017-05-12 0:00,28000
2017-05-15 0:00,28000
2017-05-16 0:00,27600
2017-05-17 0:00,27800
2017-05-18 0:00,27800
2017-05-19 0:00,28000
2017-05-22 0:00,28000
2017-05-23 0:00,28000
2017-05-24 0:00,28000
2017-05-25 0:00,27600
2017-05-26 0:00,27600
2017-05-29 0:00,27600
2017-05-30 0:00,27600
2017-05-31 0:00,27600
2017-06-01 0:00,27600
2017-06-02 0:00,27600
2017-06-05 0:00,27600
2017-06-07 0:00,27000
2017-06-08 0:00,27000
2017-06-09 0:00,26800
2017-06-12 0:00,26800
2017-06-13 0:00,26800
2017-06-14 0:00,26800
2017-06-15 0:00,27200
2017-06-16 0:00,27200
2017-06-19 0:00,27200
2017-06-20 0:00,27000
2017-06-21 0:00,27400
2017-06-22 0:00,27600
2017-06-23 0:00,27400
2017-06-26 0:00,27400
2017-06-27 0:00,27000
2017-06-28 0:00,27000
2017-06-29 0:00,27000
2017-06-30 0:00,27000
2017-07-03 0:00,26400
2017-07-04 0:00,25600
2017-07-05 0:00,25800
2017-07-06 0:00,25800
2017-07-07 0:00,25800
2017-07-10 0:00,25800
2017-07-11 0:00,25800
2017-07-12 0:00,25800
2017-07-13 0:00,25800
2017-07-14 0:00,25800
2017-07-17 0:00,26000
2017-07-18 0:00,25600
2017-07-19 0:00,25600
2017-07-20 0:00,25600
2017-07-21 0:00,25400
2017-07-24 0:00,25400
2017-07-25 0:00,25600
2017-07-26 0:00,25600
2017-07-27 0:00,25600
2017-07-28 0:00,25600
2017-07-31 0:00,24800
2017-08-01 0:00,24800
2017-08-02 0:00,24400
2017-08-03 0:00,24400
2017-08-04 0:00,24400
2017-08-07 0:00,24400
2017-08-08 0:00,24400
2017-08-09 0:00,24400
2017-08-10 0:00,24400
2017-08-11 0:00,24200
2017-08-14 0:00,24000
2017-08-16 0:00,24000
2017-08-17 0:00,24000
2017-08-18 0:00,23800
2017-08-21 0:00,24000
2017-08-22 0:00,24000
2017-08-23 0:00,23800
2017-08-24 0:00,23800
2017-08-25 0:00,24000
2017-08-28 0:00,24400
2017-08-29 0:00,24400
2017-08-30 0:00,24400
2017-08-31 0:00,24400
2017-09-01 0:00,24400
2017-09-04 0:00,24800
2017-09-05 0:00,25200
2017-09-06 0:00,25200
2017-09-07 0:00,25200
2017-09-08 0:00,25200
2017-09-11 0:00,24800
2017-09-12 0:00,25000
2017-09-13 0:00,25000
2017-09-14 0:00,25400
2017-09-15 0:00,25800
2017-09-18 0:00,25600
2017-09-19 0:00,25800
2017-09-20 0:00,25800
2017-09-21 0:00,25800
2017-09-22 0:00,26200
2017-09-25 0:00,27000
2017-09-26 0:00,27000
2017-09-27 0:00,26400
2017-09-28 0:00,26400
2017-09-29 0:00,26200
2017-10-10 0:00,26200
2017-10-11 0:00,26200
2017-10-12 0:00,26200
2017-10-13 0:00,25200
2017-10-16 0:00,25200
2017-10-17 0:00,25600
2017-10-18 0:00,25600
2017-10-19 0:00,25600
2017-10-20 0:00,25600
2017-10-23 0:00,25600
2017-10-24 0:00,25800
2017-10-25 0:00,25400
2017-10-26 0:00,25000
2017-10-27 0:00,24800
2017-10-30 0:00,24800
2017-10-31 0:00,24800
2017-11-01 0:00,24800
2017-11-02 0:00,24800
2017-11-03 0:00,24800
2017-11-06 0:00,24600
2017-11-07 0:00,24800
2017-11-08 0:00,24800
2017-11-09 0:00,24800
2017-11-10 0:00,24800
2017-11-13 0:00,24800
2017-11-14 0:00,24800
2017-11-15 0:00,24400
2017-11-16 0:00,24400
2017-11-17 0:00,24000
2017-11-20 0:00,24000
2017-11-21 0:00,24000
2017-11-22 0:00,23600
2017-11-23 0:00,23600
2017-11-24 0:00,23600
2017-11-27 0:00,23600
2017-11-28 0:00,23000
2017-11-29 0:00,23000
2017-11-30 0:00,23000
2017-12-04 0:00,22800
2017-12-05 0:00,22800
2017-12-06 0:00,22800
2017-12-07 0:00,22800
2017-12-08 0:00,22800
2017-12-11 0:00,22800
2017-12-12 0:00,22800
2017-12-13 0:00,22800
2017-12-14 0:00,22800
2017-12-15 0:00,22800
2017-12-18 0:00,22800
2017-12-19 0:00,22800
2017-12-20 0:00,22800
2017-12-21 0:00,22800
2017-12-22 0:00,22800
2017-12-26 0:00,22800
2017-12-27 0:00,22800
2017-12-28 0:00,22800
2017-12-29 0:00,22800
2018-01-02 0:00,22400
2018-01-03 0:00,22400
2018-01-04 0:00,22400
2018-01-05 0:00,22400
2018-01-08 0:00,22400
2018-01-09 0:00,22400
2018-01-10 0:00,22400
2018-01-11 0:00,22400
2018-01-12 0:00,22400
2018-01-15 0:00,22200
2018-01-16 0:00,22200
2018-01-17 0:00,22200
2018-01-18 0:00,22200
2018-01-19 0:00,22200
2018-01-22 0:00,22200
2018-01-23 0:00,22200
2018-01-24 0:00,22600
2018-01-25 0:00,22600
2018-01-26 0:00,22600
2018-01-29 0:00,22600
2018-01-30 0:00,22600
2018-01-31 0:00,22800
2018-02-01 0:00,22800
2018-02-02 0:00,23600
2018-02-05 0:00,23600
2018-02-06 0:00,23600
2018-02-07 0:00,24000
2018-02-08 0:00,24000
2018-02-09 0:00,24000
2018-02-12 0:00,24000
2018-02-13 0:00,24200
2018-02-14 0:00,24200
2018-02-19 0:00,24200
2018-02-20 0:00,24200
2018-02-21 0:00,24400
2018-02-22 0:00,24400
2018-02-23 0:00,24400
2018-02-26 0:00,25000
2018-02-27 0:00,25000
2018-02-28 0:00,25200
2018-03-02 0:00,25200
2018-03-05 0:00,25200
2018-03-06 0:00,25600
2018-03-07 0:00,26000
2018-03-08 0:00,26000
2018-03-09 0:00,26000
2018-03-12 0:00,26000
2018-03-13 0:00,26000
2018-03-14 0:00,25800
2018-03-15 0:00,25800
2018-03-16 0:00,25800
2018-03-19 0:00,25800
2018-03-20 0:00,26200
2018-03-21 0:00,26200
2018-03-22 0:00,26400
2018-03-23 0:00,26000
2018-03-26 0:00,26000
2018-03-27 0:00,26000
2018-03-28 0:00,26000
2018-03-29 0:00,26000
2018-03-30 0:00,26000
2018-04-02 0:00,26000
2018-04-03 0:00,26000
2018-04-04 0:00,26400
2018-04-05 0:00,26800
2018-04-06 0:00,26800
2018-04-09 0:00,26800
2018-04-10 0:00,26800
2018-04-11 0:00,26800
2018-04-12 0:00,26800
2018-04-13 0:00,26800
2018-04-16 0:00,27600
2018-04-17 0:00,28800
2018-04-18 0:00,28800
2018-04-19 0:00,28800
2018-04-20 0:00,29000
2018-04-23 0:00,29000
2018-04-24 0:00,29000
2018-04-25 0:00,28400
2018-04-26 0:00,28800
2018-04-27 0:00,28800
2018-04-30 0:00,28800
2018-05-02 0:00,28400
2018-05-03 0:00,28800
2018-05-04 0:00,28200
2018-05-08 0:00,28600
2018-05-09 0:00,28200
2018-05-10 0:00,27800
2018-05-11 0:00,28200
2018-05-14 0:00,28200
2018-05-15 0:00,28200
2018-05-16 0:00,28400
2018-05-17 0:00,27200
2018-05-18 0:00,27200
2018-05-21 0:00,27600
2018-05-23 0:00,27400
2018-05-24 0:00,27000
2018-05-25 0:00,27000
2018-05-28 0:00,26200
2018-05-29 0:00,26200
2018-05-30 0:00,26200
2018-05-31 0:00,25800
2018-06-01 0:00,25800
2018-06-04 0:00,25800
2018-06-05 0:00,25800
2018-06-07 0:00,25000
2018-06-08 0:00,25000
2018-06-11 0:00,25000
2018-06-12 0:00,25000
2018-06-14 0:00,25000
2018-06-15 0:00,25000
2018-06-18 0:00,25000
2018-06-19 0:00,25000
2018-06-20 0:00,25000
2018-06-21 0:00,24800
2018-06-22 0:00,24800
2018-06-25 0:00,24800
2018-06-26 0:00,24800
2018-06-27 0:00,24800
2018-06-28 0:00,24200
2018-06-29 0:00,23400
2018-07-02 0:00,23200
2018-07-03 0:00,23200
2018-07-04 0:00,23200
2018-07-05 0:00,23200
2018-07-06 0:00,23200
2018-07-09 0:00,23200
2018-07-10 0:00,23200
2018-07-11 0:00,23200
2018-07-12 0:00,23200
2018-07-13 0:00,23000
2018-07-16 0:00,23000
2018-07-17 0:00,23000
2018-07-18 0:00,23000
2018-07-19 0:00,23000
2018-07-20 0:00,22800
2018-07-23 0:00,22800
2018-07-24 0:00,22800
2018-07-25 0:00,21600
2018-07-26 0:00,21200
2018-07-27 0:00,20800
2018-07-30 0:00,20400
2018-07-31 0:00,20200
2018-08-01 0:00,20200
2018-08-02 0:00,20200
2018-08-03 0:00,20200
2018-08-06 0:00,20200
2018-08-07 0:00,20200
2018-08-08 0:00,20600
2018-08-09 0:00,20600
2018-08-10 0:00,20600
2018-08-13 0:00,20600
2018-08-14 0:00,20600
2018-08-16 0:00,20600
2018-08-17 0:00,20600
2018-08-20 0:00,21000
2018-08-21 0:00,21000
2018-08-22 0:00,21200
2018-08-23 0:00,21200
2018-08-24 0:00,21200
2018-08-27 0:00,22600
2018-08-28 0:00,24000
2018-08-29 0:00,24000
2018-08-30 0:00,24000
2018-08-31 0:00,24000
2018-09-03 0:00,24000
2018-09-04 0:00,24000
2018-09-05 0:00,24400
2018-09-06 0:00,24600
2018-09-07 0:00,24600
2018-09-10 0:00,25200
2018-09-11 0:00,25400
2018-09-12 0:00,26800
2018-09-13 0:00,26800
2018-09-14 0:00,27200
2018-09-17 0:00,27200
2018-09-18 0:00,29200
2018-09-19 0:00,29200
2018-09-20 0:00,29200
2018-09-21 0:00,28200
2018-09-27 0:00,28000
2018-09-28 0:00,28000
2018-10-01 0:00,28000
2018-10-02 0:00,27800
2018-10-04 0:00,27800
2018-10-05 0:00,27800
2018-10-08 0:00,28000
2018-10-10 0:00,27800
2018-10-11 0:00,27200
2018-10-12 0:00,27200
2018-10-15 0:00,27400
2018-10-16 0:00,27400
2018-10-17 0:00,27000
2018-10-18 0:00,27000
2018-10-19 0:00,27000
2018-10-22 0:00,27000
2018-10-23 0:00,27000
2018-10-24 0:00,27000
2018-10-25 0:00,27000
2018-10-26 0:00,26600
2018-10-29 0:00,26600
2018-10-30 0:00,26600
2018-10-31 0:00,26000
2018-11-01 0:00,26000
2018-11-02 0:00,25000
2018-11-05 0:00,25000
2018-11-06 0:00,25000
2018-11-07 0:00,25000
2018-11-08 0:00,24600
2018-11-09 0:00,24600
2018-11-12 0:00,24600
2018-11-13 0:00,24600
2018-11-14 0:00,24600
2018-11-15 0:00,24600
2018-11-16 0:00,24600
2018-11-19 0:00,24400
2018-11-20 0:00,23400
2018-11-21 0:00,23000
2018-11-22 0:00,23000
2018-11-23 0:00,23000
2018-11-26 0:00,23000
2018-11-27 0:00,22400
2018-11-28 0:00,22400
2018-11-29 0:00,22400
2018-11-30 0:00,22400
2018-12-03 0:00,22400
2018-12-04 0:00,22400
2018-12-05 0:00,22400
2018-12-06 0:00,22400
2018-12-10 0:00,22400
2018-12-11 0:00,22400
2018-12-12 0:00,22400
2018-12-13 0:00,22400
2018-12-14 0:00,22400
2018-12-17 0:00,22200
2018-12-18 0:00,22200
2018-12-19 0:00,22200
2018-12-20 0:00,22200
2018-12-21 0:00,22200
2018-12-24 0:00,22000
2018-12-26 0:00,22000
2018-12-27 0:00,21400
2018-12-28 0:00,21400
2018-12-31 0:00,21200
2019-01-02 0:00,21200
2019-01-03 0:00,21600
2019-01-04 0:00,21600
2019-01-07 0:00,21600
2019-01-08 0:00,22000
2019-01-09 0:00,23400
2019-01-10 0:00,23600
2019-01-11 0:00,23600
2019-01-14 0:00,23600
2019-01-15 0:00,23600
2019-01-16 0:00,23600
2019-01-17 0:00,23800
2019-01-18 0:00,23800
2019-01-21 0:00,24000
2019-01-22 0:00,24600
2019-01-23 0:00,24600
2019-01-24 0:00,24600
2019-01-25 0:00,24600
2019-01-28 0:00,24600
2019-01-29 0:00,24600
2019-01-30 0:00,24600
2019-01-31 0:00,25000
2019-02-01 0:00,25000
2019-02-07 0:00,25000
2019-02-08 0:00,25000
2019-02-11 0:00,25000
2019-02-12 0:00,25000
2019-02-13 0:00,25000
2019-02-14 0:00,25800
2019-02-15 0:00,25800
2019-02-18 0:00,25800
2019-02-19 0:00,25800
2019-02-20 0:00,25800
2019-02-21 0:00,25800
2019-02-22 0:00,25800
2019-02-25 0:00,25800
2019-02-26 0:00,25800
2019-02-27 0:00,25800
2019-02-28 0:00,25800
2019-03-04 0:00,25800
2019-03-05 0:00,27000
2019-03-06 0:00,27000
2019-03-07 0:00,27000
2019-03-08 0:00,27200
2019-03-11 0:00,26400
2019-03-12 0:00,26400
2019-03-13 0:00,26400
2019-03-14 0:00,26400
2019-03-15 0:00,26800
2019-03-18 0:00,27000
2019-03-19 0:00,27000
2019-03-20 0:00,27000
2019-03-21 0:00,27000
2019-03-22 0:00,27000
2019-03-25 0:00,27000
2019-03-26 0:00,27000
2019-03-27 0:00,27000
2019-03-28 0:00,27000
2019-03-29 0:00,27000
2019-04-01 0:00,27000
2019-04-02 0:00,26400
2019-04-03 0:00,26400
2019-04-04 0:00,26400
2019-04-05 0:00,26400
2019-04-08 0:00,27000
2019-04-09 0:00,27000
2019-04-10 0:00,27000
2019-04-11 0:00,27000
2019-04-12 0:00,27000
2019-04-15 0:00,27000
2019-04-16 0:00,27000
2019-04-17 0:00,27000
2019-04-18 0:00,27000
2019-04-19 0:00,27000
2019-04-22 0:00,27000
2019-04-23 0:00,27200
2019-04-24 0:00,27200
2019-04-25 0:00,27200
2019-04-26 0:00,27200
2019-04-29 0:00,27400
2019-04-30 0:00,27800
2019-05-02 0:00,27800
2019-05-03 0:00,27800
2019-05-07 0:00,27800
2019-05-08 0:00,27800
2019-05-09 0:00,27400
2019-05-10 0:00,27400
2019-05-13 0:00,27400
2019-05-14 0:00,27400
2019-05-15 0:00,27000
2019-05-16 0:00,27200
2019-05-17 0:00,27200
2019-05-20 0:00,27200
2019-05-21 0:00,27200
2019-05-22 0:00,27000
2019-05-23 0:00,27000
2019-05-24 0:00,27000
2019-05-27 0:00,27000
2019-05-28 0:00,27600
2019-05-29 0:00,27000
2019-05-30 0:00,27000
2019-05-31 0:00,27000
2019-06-03 0:00,26800
2019-06-04 0:00,26800
2019-06-05 0:00,26800
2019-06-07 0:00,26800
2019-06-10 0:00,26800
2019-06-11 0:00,26800
2019-06-12 0:00,26800
2019-06-13 0:00,26800
2019-06-14 0:00,27000
2019-06-17 0:00,26800
2019-06-18 0:00,26800
2019-06-19 0:00,27000
2019-06-20 0:00,27200
2019-06-21 0:00,28000
2019-06-24 0:00,28000
2019-06-25 0:00,28000
2019-06-26 0:00,28000
2019-06-27 0:00,28200
2019-06-28 0:00,28200
2019-07-01 0:00,27800
2019-07-02 0:00,27800
2019-07-03 0:00,27800
2019-07-04 0:00,27800
2019-07-05 0:00,27800
2019-07-08 0:00,27200
2019-07-09 0:00,27000
2019-07-10 0:00,27000
2019-07-11 0:00,27000
2019-07-12 0:00,27000
2019-07-15 0:00,27000
2019-07-16 0:00,27000
2019-07-17 0:00,27000
2019-07-18 0:00,27000
2019-07-19 0:00,27000
2019-07-22 0:00,27000
2019-07-23 0:00,27000
2019-07-24 0:00,27000
2019-07-25 0:00,27000
2019-07-26 0:00,27000
2019-07-29 0:00,26800
2019-07-30 0:00,26000
2019-07-31 0:00,26000
2019-08-01 0:00,26000
2019-08-02 0:00,26000
2019-08-05 0:00,26000
2019-08-06 0:00,26000
2019-08-07 0:00,26000
2019-08-08 0:00,26000
2019-08-09 0:00,24800
2019-08-12 0:00,24800
2019-08-13 0:00,24800
2019-08-14 0:00,24800
2019-08-16 0:00,24800
2019-08-19 0:00,24400
2019-08-20 0:00,23800
2019-08-21 0:00,23800
2019-08-22 0:00,23800
2019-08-23 0:00,23800
2019-08-26 0:00,24000
2019-08-27 0:00,26200
2019-08-28 0:00,26200
2019-08-29 0:00,26800
2019-08-30 0:00,26800
2019-09-02 0:00,27600
2019-09-03 0:00,27600
2019-09-04 0:00,27800
2019-09-05 0:00,28200
2019-09-06 0:00,28200
2019-09-09 0:00,29800
2019-09-10 0:00,30400
2019-09-11 0:00,30400
2019-09-16 0:00,30600
2019-09-17 0:00,30600
2019-09-18 0:00,30600
2019-09-19 0:00,30600
2019-09-20 0:00,30600
2019-09-23 0:00,30600
2019-09-24 0:00,30600
2019-09-25 0:00,30600
2019-09-26 0:00,30600
2019-09-27 0:00,30600
2019-09-30 0:00,30600
2019-10-01 0:00,30600
2019-10-02 0:00,30600
2019-10-04 0:00,30600
2019-10-07 0:00,30400
2019-10-08 0:00,30400
2019-10-10 0:00,30400
2019-10-11 0:00,30400
2019-10-14 0:00,30400
2019-10-15 0:00,30000
2019-10-16 0:00,30000
2019-10-17 0:00,30000
2019-10-18 0:00,30000
2019-10-21 0:00,29000
2019-10-22 0:00,28400
2019-10-23 0:00,27600
2019-10-24 0:00,27600
2019-10-25 0:00,27000
2019-10-28 0:00,27000
2019-10-29 0:00,27000
2019-10-30 0:00,27000
2019-10-31 0:00,26600
2019-11-01 0:00,26400
2019-11-04 0:00,26400
2019-11-05 0:00,26400
2019-11-06 0:00,26400
2019-11-07 0:00,26200
2019-11-08 0:00,26200
2019-11-11 0:00,26200
2019-11-12 0:00,26200
2019-11-13 0:00,26200
2019-11-14 0:00,26200
2019-11-15 0:00,26200
2019-11-18 0:00,25800
2019-11-19 0:00,25800
2019-11-20 0:00,25800
2019-11-21 0:00,25800
2019-11-22 0:00,25800
2019-11-25 0:00,25000
2019-11-26 0:00,24400
2019-11-27 0:00,24400
2019-11-28 0:00,24000
2019-11-29 0:00,23800
2019-12-02 0:00,23800
2019-12-03 0:00,23400
2019-12-04 0:00,23200
2019-12-05 0:00,23200
2019-12-09 0:00,23200
2019-12-10 0:00,23200
2019-12-11 0:00,23200
2019-12-12 0:00,23200
2019-12-13 0:00,23200
2019-12-16 0:00,23200
2019-12-17 0:00,23200
2019-12-18 0:00,23200
2019-12-19 0:00,24400
2019-12-20 0:00,24400
2019-12-23 0:00,24400
2019-12-24 0:00,24400
2019-12-26 0:00,24400
2019-12-27 0:00,24600
2019-12-30 0:00,24600
2019-12-31 0:00,24600
2020-01-02 0:00,24600
2020-01-03 0:00,24400
2020-01-06 0:00,24800
2020-01-07 0:00,24800
2020-01-08 0:00,24800
2020-01-09 0:00,24600
2020-01-10 0:00,24600
2020-01-13 0:00,25200
2020-01-14 0:00,25200
2020-01-15 0:00,25200
2020-01-16 0:00,25600
2020-01-17 0:00,25600
2020-01-20 0:00,25600
2020-01-21 0:00,25200
2020-01-22 0:00,25200
2020-01-23 0:00,25200
2020-01-28 0:00,26250
2020-01-29 0:00,25600
2020-01-30 0:00,25600
2020-01-31 0:00,25600
2020-02-03 0:00,25600
2020-02-04 0:00,25600
2020-02-05 0:00,25600
2020-02-06 0:00,25600
2020-02-07 0:00,25600
2020-02-10 0:00,27000
2020-02-11 0:00,27000
2020-02-12 0:00,27000
2020-02-13 0:00,27000
2020-02-14 0:00,26400
2020-02-17 0:00,26400
2020-02-18 0:00,26400
2020-02-19 0:00,27400
2020-02-20 0:00,27400
2020-02-21 0:00,27250
2020-02-24 0:00,27250
2020-02-25 0:00,27250
2020-02-26 0:00,27250
2020-02-27 0:00,27250
2020-02-28 0:00,27250
2020-03-02 0:00,27250
2020-03-03 0:00,27250
2020-03-04 0:00,27250
2020-03-05 0:00,27250
2020-03-06 0:00,27500
2020-03-09 0:00,27600
2020-03-10 0:00,27600
2020-03-11 0:00,27600
2020-03-12 0:00,27600
2020-03-13 0:00,27800
2020-03-16 0:00,27800
2020-03-17 0:00,27800
2020-03-18 0:00,27800
2020-03-19 0:00,27800
2020-03-20 0:00,27800
2020-03-23 0:00,27800
2020-03-24 0:00,27800
2020-03-25 0:00,27800
2020-03-26 0:00,27800
2020-03-27 0:00,27800
2020-03-30 0:00,28000
2020-03-31 0:00,28400
2020-04-01 0:00,28600
2020-04-02 0:00,28600
2020-04-03 0:00,28600
2020-04-06 0:00,30600
2020-04-07 0:00,30600
2020-04-08 0:00,30500
2020-04-09 0:00,30600
2020-04-10 0:00,30600
2020-04-13 0:00,30600
2020-04-14 0:00,30600
2020-04-16 0:00,31200
2020-04-17 0:00,32000
2020-04-20 0:00,32400
2020-04-21 0:00,32400
2020-04-22 0:00,32800
2020-04-23 0:00,32600
2020-04-24 0:00,32400
2020-04-27 0:00,32400
2020-04-28 0:00,32200
2020-04-29 0:00,32400
2020-05-04 0:00,32200
2020-05-06 0:00,32000
2020-05-07 0:00,32000
2020-05-08 0:00,32000
2020-05-11 0:00,32000
2020-05-12 0:00,31800
2020-05-13 0:00,31800
2020-05-14 0:00,31600
2020-05-15 0:00,31800
2020-05-18 0:00,31800
2020-05-19 0:00,30600
2020-05-20 0:00,30600
2020-05-21 0:00,30600
2020-05-22 0:00,29800
2020-05-25 0:00,29600
2020-05-26 0:00,29200
2020-05-27 0:00,28400
2020-05-28 0:00,28200
2020-05-29 0:00,27800
2020-06-01 0:00,27200
2020-06-02 0:00,25600
2020-06-03 0:00,25600
2020-06-04 0:00,26000
2020-06-05 0:00,26000
2020-06-08 0:00,26000
2020-06-09 0:00,26000
2020-06-10 0:00,26000
2020-06-11 0:00,26000
2020-06-12 0:00,26000
2020-06-15 0:00,26000
2020-06-16 0:00,26000
2020-06-17 0:00,26000
2020-06-18 0:00,26000
2020-06-19 0:00,26000
2020-06-22 0:00,25920
2020-06-23 0:00,25920
2020-06-24 0:00,26120
2020-06-25 0:00,26040
2020-06-26 0:00,26040
2020-06-29 0:00,26040
2020-06-30 0:00,26040
2020-07-01 0:00,26040
2020-07-02 0:00,26040
2020-07-03 0:00,26040
2020-07-06 0:00,26040
2020-07-07 0:00,26040
2020-07-08 0:00,26040
2020-07-09 0:00,26040
2020-07-10 0:00,26040
2020-07-13 0:00,26040
2020-07-14 0:00,26040
2020-07-15 0:00,26180
2020-07-16 0:00,26180
2020-07-17 0:00,26180
2020-07-20 0:00,25980
2020-07-21 0:00,25980
2020-07-22 0:00,25980
2020-07-23 0:00,25980
2020-07-24 0:00,25980
2020-07-27 0:00,25980
2020-07-28 0:00,25980
2020-07-29 0:00,25980
2020-07-30 0:00,25980
2020-07-31 0:00,25980
2020-08-03 0:00,25980
2020-08-04 0:00,25980
2020-08-05 0:00,25980
2020-08-06 0:00,25980
2020-08-07 0:00,25980
2020-08-10 0:00,25720
2020-08-11 0:00,25720
2020-08-12 0:00,25720
2020-08-13 0:00,25720
2020-08-14 0:00,25720
2020-08-18 0:00,25720
2020-08-19 0:00,26040
2020-08-20 0:00,26040
2020-08-21 0:00,26040
2020-08-24 0:00,27180
2020-08-25 0:00,27580
2020-08-26 0:00,27580
2020-08-27 0:00,27780
2020-08-28 0:00,27780
2020-08-31 0:00,27780
2020-09-01 0:00,28180
2020-09-02 0:00,28380
2020-09-03 0:00,28380
2020-09-04 0:00,28380
2020-09-07 0:00,28180
2020-09-08 0:00,28180
2020-09-09 0:00,28180
2020-09-10 0:00,28180
2020-09-11 0:00,28180
2020-09-14 0:00,28180
2020-09-15 0:00,28180
2020-09-16 0:00,28180
2020-09-17 0:00,28180
2020-09-18 0:00,28180
2020-09-21 0:00,27980
2020-09-22 0:00,27980
2020-09-23 0:00,27980
2020-09-24 0:00,27980
2020-09-25 0:00,27980
2020-09-28 0:00,27980
2020-09-29 0:00,27980
2020-10-05 0:00,27980
2020-10-06 0:00,27980
2020-10-07 0:00,27980
2020-10-08 0:00,27980
2020-10-12 0:00,27980
2020-10-13 0:00,28380
2020-10-14 0:00,28380
2020-10-15 0:00,28380
2020-10-16 0:00,28380
2020-10-19 0:00,28380
2020-10-20 0:00,28380
2020-10-21 0:00,28380
2020-10-22 0:00,28580
2020-10-23 0:00,28380
2020-10-26 0:00,28380
2020-10-27 0:00,28580
2020-10-28 0:00,28380
2020-10-29 0:00,28380
2020-10-30 0:00,27980
2020-11-02 0:00,27640